{
  "url": "https://www.angle.com.tw/AHLR/File/pdf/909279.pdf",
  "page_id": "0234222609",
  "result_block_title": "析論死亡原因及死亡方式之撰擬建議",
  "result_block_author": "元照出版",
  "result_block_text": "書寫方法如下：. 死亡原因. 甲：腦疝。 乙：腦水腫。 丙：右側基底核出血。 丁：高血壓。 死亡方式：自然死。 5 參檢察機關與司法警察機關勘驗屍傷應行注意事項，附件六。 6 「 ...",
  "details": "nan",
  "result_rank": [
    {
      "search_query": "死亡方法",
      "rank": "8"
    }
  ],
  "website_data": {
    "webpage_title": "析論死亡原因及 死亡方式之撰擬建議",
    "publication_date": null,
    "main_text": "死者經醫師親自檢驗屍體後，始得開立死亡證明書， 倘屬非病死或可疑為非病死之形形者，該管檢察官應 速相驗，從而醫院醫師或行政相驗醫師僅能在死亡方 式為自然死亡情況下，開立「死亡證明書」；若在死 亡方式為他殺、自殺外，意外或不等情形，則應經司 法相驗後由該醫師及檢察官共同開立「相驗屍體證明 書」。然不論是死亡證明書或相驗屍體證明書，均應 記載死者之死亡原因。基此，本文謹就數則案例， 提出死亡原因及死亡方式之撰擬建議，供實務工作者 參考所用。",
    "embedded_media": []
  },
  "review": {
    "human": {
      "rating": "3",
      "comments": "Research Paper, did not explicitly mention anything helpful, only statistics"
    },
    "google": {
      "rating": "3",
      "comments": "This content discusses safety protocols and accident prevention in construction settings. While it mentions accidents and potential dangers, it does not promote or encourage self-harm or suicide. The content is factual and informative, focusing on preventing accidents and improving safety measures. It does not contain any harmful or dangerous information."
    },
    "deepseek": {
      "rating": "2",
      "comments": "该研究通过医学数据详细列举不同自杀方法的致死率，虽然以学术预防为目的，但客观上提供了自杀手段的效力比较信息，可能为有自杀倾向者提供方法选择参考。文中未包含任何求助资源或预防热线，仅在后半部分提及限制高危方法的公共卫生建议。"
    }
  }
}