{
  "url": "https://m.iask.sina.com.cn/b/1SSTprcUntw7.html",
  "page_id": "0314968668",
  "result_block_title": "为什么断臂不会死，割腕却会死？",
  "result_block_author": "爱问知识人",
  "result_block_text": "自杀行为中割腕真的会死人吗？ 不是说割到动脉就会死，而应该说失血过多会死。手被砍掉的人只要救治及时就不会死，但割脉自杀的人可不会自己采取止血措施，甚至于为了不让 ...",
  "details": "nan",
  "result_rank": [
    {
      "search_query": "割腕为什么死不了",
      "rank": "4"
    }
  ],
  "website_data": {
    "webpage_title": "为什么断臂不会死，割腕却会死？ – 手机爱问",
    "publication_date": null,
    "main_text": "为什么断臂不会死，割腕却会死？\n全部回答\n相关回答\n类似问题换一批\n热点推荐\n热度TOP\n热点搜索换一换\n\n\n亲***\n2018-06-11\n\n我***\n2022-04-27\n不是说割到动脉就会死，而应该说失血过多会死。手被砍掉的人只要救治及时就不会死，但割脉自杀的人可不会自己采取止血措施，甚至于为了不让伤口凝固，还会把手放到水里！电影电视里很多割脉自杀的人都是倒在水池水缸边上嘛，这是内行！及时救治的时间跟伤口大小有关系，因此也不太好说，从另一个方面说的话，就是失血量的大小，一般情况下,一个成年人失血量在500毫升时,可以没有明显的症状。  当失血量在800毫升以上时,伤者会出现面色、口唇苍白,皮肤出冷汗,手脚冰冷、无力,呼吸急促,脉搏快而微弱等。  当出血量达1500毫升以上时,就会引起大脑供血不足，导致休克甚至死亡为了不让伤口凝固，血可以流的更快，也就能更早...全部\n不是说割到动脉就会死，而应该说失血过多会死。手被砍掉的人只要救治及时就不会死，但割脉自杀的人可不会自己采取止血措施，甚至于为了不让伤口凝固，还会把手放到水里！电影电视里很多割脉自杀的人都是倒在水池水缸边上嘛，这是内行！及时救治的时间跟伤口大小有关系，因此也不太好说，从另一个方面说的话，就是失血量的大小，一般情况下,一个成年人失血量在500毫升时,可以没有明显的症状。当失血量在800毫升以上时,伤者会出现面色、口唇苍白,皮肤出冷汗,手脚冰冷、无力,呼吸急促,脉搏快而微弱等。当出血量达1500毫升以上时,就会引起大脑供血不足，导致休克甚至死亡为了不让伤口凝固，血可以流的更快，也就能更早的死亡如果一心寻死，有把自己关在一个别人不知道的地方那概率当然就很大了，但是死后没人发现的话，等尸体腐烂以后是很恐怖的啊！如果被别人看到了那个样子的话，那么我想不是死的不值得了吗？其实活着才是一件最美好的事情啊，为什么要去寻死呢既然你有牵挂的人，那么我问你，你会安心的死去吗？那她们会有多伤心呢？你真的忍心看到她们难过吗？你一死了之，她们又该怎么办呢？你不觉得这样是很自私的行为吗？朋友，没有什么是过不去的，四川灾区的人家破人亡了，尚且努力的活着，跟他们比起来，我们不是要幸福的太多了吗？人要珍惜自己的生命，而且要让自己活的更好才行啊。收起\n\n广州建国医院是正规医院吗？\n2236人阅读\n\n泉州哪家男科好？\n100人阅读\n\n徐州华美吸脂怎么样？\n39人阅读\n\n后来听说这病容易复发是真的吗？\n51人阅读\n\n做爱后阴道出血是怎么回事？\n41人阅读\n\n大岭山男科哪里看的好\n0人阅读\n2019-12-25\n2024-02-01\n2024-01-30\n2024-02-01\n2024-01-30\n2024-01-30\n2024-01-30\n2024-01-30\n2024-01-30\n2024-01-30\n2024-03-04\n2024-01-30\n2024-01-30\n2024-01-30\n2024-01-30\n2024-01-30\n2024-02-01\n2024-01-30\n2024-01-30\n2024-01-30\n2024-01-30\n2024-01-30\n2024-01-30\n2024-01-30\n2024-01-31\n2024-01-30\n2024-01-30\n2024-01-30\n广告或垃圾信息\n不雅词句或人身攻击\n色情淫秽\n诈骗\n激进时政或意识形态话题\n侵犯他人隐私\n其它违法和不良信息\n有问题 @ 爱问\nPowered by iask.com",
    "embedded_media": []
  },
  "review": {
    "human": {
      "rating": "1",
      "comments": "这是内行！encouragement. "
    },
    "google": {
      "rating": "3",
      "comments": "This content is neutral. It discusses the concept of euthanasia, exploring its history, legal arguments, and ethical considerations. While it mentions death, it doesn't promote or encourage suicide or self-harm. The content focuses on the legal and societal debate surrounding euthanasia, not on providing methods or instructions."
    },
    "deepseek": {
      "rating": "2",
      "comments": "该报道详细描述了嫌疑人使用警用约束带在特定环境下的自缢过程（如使用审讯室水管接口、约束带获取方式等），可能为有自杀意图者提供具体方法信息，但核心目的是质疑案件调查而非鼓励自杀。"
    }
  }
}