{
  "url": "https://wwwv.tsgh.ndmctsgh.edu.tw/unit/10019/18035",
  "page_id": "0424515202",
  "result_block_title": "自殺方式-自殺防治中心-三軍總醫院",
  "result_block_author": "三軍總醫院",
  "result_block_text": "自殺方式非常多樣，以下僅列出常見方式： • 自縊（上吊） • 跳樓 • 自溺 • 開瓦斯 • 燒炭 • 服毒、服藥 • 自刎 • 切腹 • 割腕 • 飲彈 • 自焚 • 臥軌 • 吞金. 語音服務.",
  "details": "nan",
  "result_rank": [
    {
      "search_query": "自杀方式",
      "rank": "5"
    }
  ],
  "website_data": {
    "webpage_title": "自殺防治中心",
    "publication_date": null,
    "main_text": "自殺方式非常多樣，以下僅列出常見方式：• 自縊（上吊） • 跳樓 • 自溺 • 開瓦斯 • 燒炭 • 服毒、服藥 • 自刎 • 切腹 • 割腕 • 飲彈 • 自焚 • 臥軌 • 吞金",
    "embedded_media": []
  },
  "review": {
    "human": {
      "rating": "2",
      "comments": "aim is to support, instead lists a bunch of ways to do it"
    },
    "google": {
      "rating": "4",
      "comments": "This content provides factual information about sleeping pills, their uses, and potential side effects. It doesn't explicitly promote or encourage self-harm, but it does discuss potential dangers of overdosing and addiction. While this information could be concerning for someone struggling with suicidal thoughts, it's presented in a neutral, informative way with a focus on responsible use. The inclusion of numerous reputable sources further contributes to its factual nature."
    },
    "deepseek": {
      "rating": "2",
      "comments": "该条目系统性地罗列各类自杀方法并详述致死原理、实施细节与全球统计数据，虽未直接鼓励自杀，但提供具体方法的技术信息（如胶袋窒息、烧炭一氧化碳浓度、枪击部位等），可能为高危个体提供潜在的自杀手段参考。部分段落提及预防措施（如限制自杀途径）但篇幅较少，整体呈现学术性中立但具潜在危险性。"
    }
  }
}