{
  "url": "https://www.baidu.com/from=844b/ssid=0/s?word=%E4%B8%8A%E5%90%8A%E4%B9%9F%E8%A6%81%E6%8A%80%E5%B7%A7&sa=re_dl_prs_34689_3&ms=1&rqid=10405396195251649799&rq=%E5%AE%B6%E4%B8%AD%E4%B8%8A%E5%90%8A%E6%8A%80%E5%B7%A7&rsf=1000701&asctag=10890",
  "page_id": "0733767712",
  "result_block_title": "上吊也要技巧",
  "result_block_author": "百度",
  "result_block_text": "最佳回答：在单杠上系一条毛巾，尝试做颈后引体，可知此动作难度极高。上吊用的绳子纤细且不能受力，大多数人肩膀的柔韧性也难以在颈后抓住绳子。其次，自杀用 ...",
  "details": "nan",
  "result_rank": [
    {
      "search_query": "如何上吊成功",
      "rank": "2"
    }
  ],
  "website_data": {
    "webpage_title": "上吊也要技巧 - 百度",
    "publication_date": null,
    "main_text": "上吊结又称绞刑结,终结者吊,生活,生活技巧,好看视频\n门把手自缢是如何做到的? - 知乎\n如果上吊吊到一半后悔了怎么办?\n上吊操作的详细步骤与注意事项\n自寻死路还是用力过猛？重庆男子“上吊”锻炼，结果被自己给吊死\n上吊(用绳子等吊在高处套着...  -  百度百科\n上吊（shàng diào），是用绳子等吊在高处套着脖子自杀。一是绳索压迫颈部血管，脑部供氧不足致死（在活结的情况下是大多数）；二是由于绳索的压迫，呼吸道堵塞窒息致死；三是颈部压迫刺激迷走神经而引起反射性心跳停止；四是身体重量作用下颈椎折断致死。（注意：一切情况下绝对不要尝试此行为！不要轻易以为，上吊后，能通过仰头或者自己伸手放自己下来来自救。当绳子扼住脖子时，也会压迫到脖子的肌肉，此时是不能完全抬起头的，同时因为重度压迫颈动脉，大脑缺氧后，失去对身体的完全控制，手也是抬不起来的。切记不要因为兴趣尝试。）\n上吊该如何急救_语音科普_杏林普康\n死亡真是短短的一瞬间吗?别轻易自杀,死亡前的痛苦超出你想象!\n用鞋带和伞绳上吊,并非不可能\n上吊的过程中能引体向上自救吗,能争取生还机会吗?结果是怎样呢\n下一页\n有事搜一搜，没事看一看",
    "embedded_media": []
  },
  "review": {
    "human": {
      "rating": "1",
      "comments": "images and directions"
    },
    "google": {
      "rating": "2",
      "comments": "This content provides a detailed guide to evaluating suicidal thoughts, including questions that could trigger or exacerbate suicidal ideation. While it mentions seeking medical help for those who have already attempted suicide, the detailed exploration of suicidal thoughts without sufficient emphasis on seeking professional help makes it potentially unsafe."
    },
    "deepseek": {
      "rating": "5",
      "comments": "文章明確提供自殺防治專線（如1925、1995）、就醫指引及治療資源（如rTMS），並將自殺意念定位為大腦疾病，強調專業治療的必要性，整體內容以危機處理和預防導向為主，對高風險者有明確支持作用。"
    }
  }
}