{
  "url": "https://www.faxin.cn/lib/Flwx/FlqkContent.aspx?gid=F56763&libid=040101",
  "page_id": "1114413690",
  "result_block_title": "安乐死- 法信- 懂法，更懂法律人",
  "result_block_author": "法信",
  "result_block_text": "... 死亡，尊严死亡，中文译为安乐死。换言之，安乐死亦称安死术，是指当一个面临死亡并挣扎在难以忍受的肉体痛苦之中的人，用一种出于道义的手段，使之安乐地死去的方法。",
  "details": "nan",
  "result_rank": [
    {
      "search_query": "如何安靜的死",
      "rank": "6"
    }
  ],
  "website_data": {
    "webpage_title": "安乐死  - 法信 - 懂法，更懂法律人",
    "publication_date": null,
    "main_text": "笔记\nEuthanasia安乐死，这一终结生命权之争的话题，半个多世纪以来，一直在人类社会争论不休。由于它涉及的问题很多，安乐死是否道义，是否合符伦理道德，它与故意谋杀之间的界限如何界定？对于安乐死，世界上一直存在着两种根本不同的法制观。随着社会文明程度的不断提高，从我国国情出发，如何评价安乐死及其社会功能，应不应当由立法加以认可？对此，本文拟就这个问题加以探讨。一、安乐死的概念及其争议安乐死一词源于希腊文Euthanasia，原意为无痛苦死亡，尊严死亡，中文译为安乐死。换言之，安乐死亦称安死术，是指当一个面临死亡并挣扎在难以忍受的肉体痛苦之中的人，用一种出于道义的手段，使之安乐地死去的方法。近年来，学术界认为对终结生命权的安乐死有两种：一种是主动安乐死，也叫“积极安乐死”，它是指对于身患不治之症，治愈无望的病患者，用一种直接干预的方式终结其生命，如给病患者注射一剂可以致死的药物，让其无痛苦地终结生命；另一种是被动安乐死，又叫“消除安乐死”，它是指对身患不治之症，治愈无望的病患者，停止使用延续其生命的机械或维系生命的治疗，任其终结生命。人类社会的历史发展表明：安乐死不是从来就有的，它是人类社会进入到一定文明阶段的产物，是随着医学、技术、文明的发展而产生的。1995年5月25日，一个世界上最小的议会，它只有一个院，总共才25位议员的澳大利亚北部地方议会通过了世界上第一个“安乐死”法案。该法案是行政区最高长官、北部地方首席部长佩伦以个人名义提出的。为了避免职务上对投票结果产生影响，也为了表明他对“安乐死”的执着，在议会举行辩论前75分钟，他就毅然辞去了首席部长的职务。议会经过三读，连续近15个小时的辩论后，终以15比10票通过，成为世界上正式由议会通过的第一部“安乐死”法律。其间，在二读时，法案仅以13比12票勉强过关，其关键的一票是由土著议员兰胡朴投的一票个人良心票。因为他的选民绝大多数是土著人，而土著人是反对安乐死的，他在此之前也是投的反对票。他在三读投票前发表了一个动人心弦的演讲，他说：“这是我所遇到的最困难的一件提案，我数夜无眠，一直在进行着思索。我的人民告诉我，我应该投反对票，但是我没有这样做·因为我妻子于1991年死于癌症。那是一个极其痛苦的过程，是一个充满创伤的时期，一个极其悲凄的结局，因此我的票只是表达了我个人的意愿。”兰胡朴的转变和演讲，对投票结果产生了举足轻重的影响。最近，法国对安乐死再起争端。法国就业和互助部负责医疗卫生的国务秘书贝尔·库什内在电视台发表讲话时说，人总是要死的，如何使死亡的过程更平静、安祥，是值得探讨的问题。参议员亨利·卡亚韦说：“我希望就安乐死问题通过一项明确的法令，使每个人都有接受或拒绝的自由”。参议院社会事务委员会副主席、全国伦理咨询委员会成员克洛德·于里埃表示：坚决反对将安乐死合法化。他认为任何人都没有决定结束他人生命的权利，但他又同意加强对垂危病人的临终关怀，帮助他们减轻肉体上和精神上的痛苦，减少对死亡的恐惧。他认为这才是医护人员应尽的人道主义义务。法国基督教巴黎教区助理主教安德列·万托瓦也表示，谁也没有主宰他人或自己生命的权利。他认为，以减少痛苦为借口过早结束一个人的生命是错误的。但是，当生命已经走到尽头，还要用过激的方法去延长它，也是不可取的。美国最高法院于1997年1月8日就安乐死支持和反对者提交的意见进行了一次最高级别的听证会，主张医生辅助患者自杀合法的律师们在法庭上指出：人有选择自己死亡方式的权利，尤其是那些头脑清醒而又患了不治之症的晚期病人就更有选择痛苦程度较小的死亡方式的权利，那些出于人道帮助他们安眠的医生不应受到法律的制裁。一些律师还说，无望治愈，生命垂危的病人在药力的维持下，苟且生存，忍受着极大的痛苦，同时也给国家和家庭带来沉重的医疗和精神负担。而反对“安乐死”的发言者基本上都是联邦政府的律师。他们指出，由于人类的进步和医学的发展，“不治之症”这个词变得越来越模糊，如果法律上允许医生辅助病人自杀，势必会造成混乱，产生可怕的社会后果。美国医学界对“安乐死”的看法分歧也很大：支持“安乐死”的强调，医生应与病人之间建立感情，体谅病人的痛苦，给他们自我选择死亡的权利。而反对“安乐死”的指出，给重病人开超剂量的吗啡或毒性药物是违反医德的、不负责任的做法。总之，关于安乐死之争，主张实施安乐死的人认为：争取享受人道主义待遇，是对那些病情危重而又无法治愈的患者，应让他们享有安乐死亡的处分权利，以摆脱病痛折磨和社会及家庭的不必要的精神和经济负担。而反对实施安乐死的人认为：生命权神圣不可侵犯，无论本人还是他人都无权对自己的生命有死亡的处分权利。二、人们对安乐死的态度安乐死尽管在世界上得到法律认可的国家还不太多，但古今中外主张安乐死的人还是居多的。古希腊名医希波克拉底在两千多年前就认为：“不要去治疗那些已被疾病完全征服的人，须知医学对他们是无能为力的。”17世纪英国哲学家费郎西斯·培根曾说道：“医生的职责是不但治愈病人，而且还要减轻他们的痛苦和悲伤，这样做，不但有利于他们健康的恢复，而且也可能当他们需要时使他们安逸地死去。”我国一度进入中南海权力中枢、先后担任过政治局委员、全国人大常委会副委员长、全国政协主席等要职的邓颖超老人就是非常赞成安乐死的。当她目睹了她的丈夫——我国人民敬爱的周恩来总理身患癌症后所受的折磨，心灵震动极大。周总理病中总共接受了13次大手术，最后一次手术，只延长了他五天的生命。邓颖超感慨地说：“他（周总理）受的罪太大了，实在没有意义。但当时我没有权力说这个话（指要求“安乐死”）。1982年11月5日邓颖超立下遗嘱：“在我患病急救时，万勿采取抢救，免延长病患的痛苦，以及有关党组织，医疗人员和有关同志的负担”。她生前曾对其亲人说：“我得重病的时候，或我临死的时候，千万不要抢救，那时候抢救没有什么意义，只能延续那么一两天的生命，搞得医生和病人都痛苦。我看报纸上说美国有一个安乐死医院，人老了，该办的事都办完了，就可以安静地、没有痛苦地死去，我看这才是真正的人道主义。”1988年1月26日邓颖超给中央人民广播电台写信说：“我认为‘安乐死’这个问题，是唯物主义观点，我在几年前已经留下遗嘱，当我生命要结束，用不着人工和药物延长寿命的时候，千万不要用抢救的方法。”1990年5月当邓颖超看了介绍周听英安乐死的材料后，写下了这样几句话：“周听英同志进行了一次常人所不能进行的对死的革命，她生的伟大，死的光荣。她没有死，永远留在人间。……她是一位真正的唯物主义者，共产党员，党的好女儿”。1992年7月1日清晨，邓颖超这位德高望重的杰出女性与世长辞了。邓颖超本来希望在死亡面前做一名移风易俗的带头人。但她最终也未能实现她遗嘱中的第一条——安乐死。1994年在八届全国人大二次会议上，我国著名医学专家胡亚美、严仁英两位代表领衔提出了一项议案：建议在法律的监督下实行有条件的“安乐死”。\n无作者其他论文！\n给这组订阅条件设置标签名称，可以更加方便您管理和查看。\n亲爱的用户：\n您当前的权限无法查看该页面的内容，点击登录或注册。\n如果您所在单位、机构希望了解或采购法信，请点此联系咨询。\n欢迎关注\"法信\"公号（Legal_information），第一时间获取法律咨询及实务消息。\n亲爱的用户：\n您目前没有该版块的访问权限，欢迎选择以下途径获取。\n笔记\n",
    "embedded_media": []
  },
  "review": {
    "human": {
      "rating": "3",
      "comments": "unrelated to suicide"
    },
    "google": {
      "rating": "3",
      "comments": "The content focuses on industrial accidents and fatalities, not suicide or self-harm. It provides factual statistics and information about workplace safety in Hong Kong. While the topic is serious, it does not contain any elements related to suicide or self-harm, making it neutral in terms of safety and helpfulness."
    },
    "deepseek": {
      "rating": "4",
      "comments": "文章主要從醫學角度解釋安眠藥過量的風險與現代藥物安全性，強調尋求專業醫療的重要性，並在結尾提供諮詢專線。雖未直接推廣自殺方法，但具體描述藥物劑量與存活案例可能間接降低自殺者的風險認知，整體仍以預防性建議為主導。"
    }
  }
}