{
  "url": "https://www.163.com/dy/article/GGFK5IMO05369SE2.html",
  "page_id": "1370427530",
  "result_block_title": "“安眠药自杀”没有痛苦？吞下100片安眠药后，你的身体会 ...",
  "result_block_author": "网易",
  "result_block_text": "不过现在的安眠药药效并没有那么强，100粒不会立马致死，但也需要及时抢救，长期昏迷也会有生命危险。 如果有人及时发现你了，肯定会将你送往医院。",
  "details": "2021-08-03 00:00:00",
  "result_rank": [
    {
      "search_query": "安眠药致死需要多少剂量",
      "rank": "6"
    }
  ],
  "website_data": {
    "webpage_title": "“安眠药自杀”没有痛苦？吞下100片安眠药后，你的身体会怎么样|中毒|催吐剂_网易订阅",
    "publication_date": "2021-08-03T11:09:16+08:00",
    "main_text": "新闻\n体育\n娱乐\n财经\n汽车\n科技\n时尚\n手机/数码\n房产/家居\n教育\n“安眠药自杀”没有痛苦？吞下100片安眠药后，你的身体会怎么样\n\n香港特首李家超回应长和出售43个港口：社会对事件的关切值得重视，任何交易须符合法律法规要求\n梁振英：有些香港商人误信\"商人无祖国\"\n上海男篮输球，原来都在卢伟计划中！\n新华社：“胡塞武装能击沉一艘美国航母吗？”\n宝妈称“妈妈来了”月嫂用75度酒精给婴儿洗鼻子！平台回应\n广州一大型游乐园发布公告：运营调整，暂停散客接待\n东北女子曝三亚物价太贵 吃两碗面条就要156\n深圳最大儿童公园被指收费贵\n重磅！成都2025年小一、小升初的入学政策来了\n苹果手机通话录音强制“社死”：对方秒知，这功能谁敢用？\n俄军官：已控制库尔斯克州几乎所有定居点\n外媒：乌克兰议员称乌军半数损失飞机遭己方防空部队击落\n国乒公布澳门世界杯参赛名单，王皓解释樊振东缺席原因\n哈佛大学宣布：家庭年收入20万美元以下免学费\n“啄木鸟”公司：已对8655个争议订单进行核实，对不合理收费进行退款、补偿｜追踪到底\n特斯拉Model Y长续航版起售价上调1万至31.35万元\n蔚来涨幅扩大至17%\n春天正向北推进！北京大概率3月19日入春\n为证清白一黄焖鸡老板直播吃黄焖鸡\n56岁翁虹联合国教科文组织总部演讲：呼吁所有女孩儿大胆做自己！\n山西发生一起施工事故，5人不幸遇难\n一问到底丨六问“百度副总裁女儿‘开盒’事件”：饭圈“开盒”已成惯例？素人被“开盒”怎么破？\n戈登38+6掘金终结勇士7连胜 威少12+11+16库里21投20分\n流浪猫8天伤3人！投喂它的十堰女子成被告，进展来了\n提醒：红霉素软膏千万不能随便用！赶紧告诉家里人\n突发！特斯拉涨价！\n最近流行露出内裤的时尚？韩国网友：神经病吧！\n山东的“龙宝宝”人数统计出来了，人口自然增长率依旧是负增长\n河南台“315打假金包银”翻车？当事人晒监控：记者诱导提问+恶意剪辑\n彻底翻脸了？特朗普给普京两个选择，要么谈要么接受制裁\n前榜眼帕克：人们说我是悲剧 哪里悲剧？我带着家庭脱离了贫民区\n持H-1b工作签证入境被遣返！常春藤名校医生被遣返回国引发争议，她冤吗？\n轰30+7+13！兑换乔丹天赋，格林创不败定律，火箭别浪费4个首轮了\n“吃完华莱士，连上6次厕所”！刚刚，官方紧急道歉\n北大第一医院研究显示：30-50岁男性患有阳痿的概率高达55.6%！\nWTA迈阿密!12位资格赛选手晋级,今晚郑钦文首战对手产生,袁悦出战\n一个暂停12分钟！尼克斯记者：场边观众突然流鼻血&几乎站不起来\n重庆冠军赛，最难过的莫过于张本宇了\n中汽协倡议企业停止对外发布销量周榜，禁止通过拉踩、攀比制造恶性竞争\n坚持每隔三天炖一次，晚上沾床就睡，早上起来精气神十足\n古德温：里夫斯是我们第3选择 但他比大多数球队1-2号选择还强\n拒绝中国？泰国执意把800亿高铁订单交给日本，10年后携款求合作\n郑州东站成网红打卡点，网友取名维多利亚港郑州分港，当地市民：希望能接好这泼天流量\n李兆基财产分配高明，徐子淇 8 年 4 胎稳固豪门，长子坐拥 10 亿\n健康要闻\n探访：北京人都知道的三甲中医妇科\n感情深，一口闷？当心肝脏在喊“救命”\n如何养肾护肾？专家教你这样做！\n春日食养：一菜一粥一茶，疏肝健脾清肺\n春节出行小药箱该如何准备？专家来教您\n头条要闻\n武汉查处152栋违建别墅 销售曾称\"打通了关系随便整\"\n美国总统称中美领导人将在近期举行会谈 外交部回应\n黑龙江一高校宿舍楼失火有学生被送医 校方回应\n媒体:李嘉诚出售港口埋祸根 明显逾越\"单纯企业行为\"\n张碧晨方发律师声明 法院认定\"两亿分手费\"等均不实\n头条要闻\n武汉查处152栋违建别墅 销售曾称\"打通了关系随便整\"\n美国总统称中美领导人将在近期举行会谈 外交部回应\n黑龙江一高校宿舍楼失火有学生被送医 校方回应\n媒体:李嘉诚出售港口埋祸根 明显逾越\"单纯企业行为\"\n张碧晨方发律师声明 法院认定\"两亿分手费\"等均不实\n体育要闻\n曾击败德约的亚洲一哥，现在咋样了？\n中国澳门乒乓球世界杯中国队参赛名单：王楚钦、孙颖莎等10人在列\n戈登38+6掘金终结勇士7连胜 威少12+11+16库里21投20分\n东契奇21+9+14湖人轻取马刺 里夫斯30+7+6布朗尼再进三分\n记者谈梅西受伤：迈阿密已经是倒计时阶段，这是生命的自然规律\n娱乐要闻\n胡杏儿老公撇下妻儿夜店嗨玩，与多名美女搂抱\n金秀贤\"恋童癖\"实锤？与金赛纶6年秘恋7亿逼债\n45岁秦岚身材保养太好！难怪征服小10岁魏大勋\n王晶曝刘嘉玲绑架案遭抨击！揭人伤疤没底线\n深扒才知道，章子怡当年爱惨了汪峰！\n财经要闻\n不是机器人需要社保，是社保需要机器人\n印尼股市暴跌！3000亿富豪被砸懵 发生了什么？\n李嘉诚旗下企业拟出售43个港口 香港特首李家超回应\n收评：三大指数小幅上涨 两市成交额仅1.5万亿\n五部门：逐步提高绿色电力消费比例并使用绿证核算\n科技要闻\n中汽协倡议企业停止对外发布销量周榜\n300亿美元！谷歌史上规模最大收购接近达成\n美媒：从巴西到南非，物美价廉中国车一路狂飙\n李开复放弃万亿大模型，靠DeepSeek赚ToB钱\n中国\"人造太阳\"加速，美国为何渐失先机？\n汽车要闻\n百万像素车语大灯首上车 享界S9增程版解读\n老司机平替？实测比亚迪天神之眼C靠谱吗\n比亚迪超级e平台让充电功率提升至兆瓦级\n车内语音实现点餐购票 智己IM AIOS生态座舱发布\n宝马中国与华为终端深度合作 \"生态本土化\"再升级\n态度原创\n+arrTaiduYuanC[i].tag+'| '+arrTaiduYuanC[i].title+'\n教育要闻\n二年级找规律填数，奥数难度\n台湾省中考题：93，94，95，96，答案不是97\n四年级简便计算：21×14+85×21，全班无一人做对，老师很生气\n中考数学：越简单，越掉坑\n数学世界大冒险\n探访：北京人都知道的三甲中医妇科\n感情深，一口闷？当心肝脏在喊“救命”\n如何养肾护肾？专家教你这样做！\n春日食养：一菜一粥一茶，疏肝健脾清肺\n春节出行小药箱该如何准备？专家来教您\n巅峰70w在线玩家，Steam爆款游戏回归！这次将以手游的形式出击？\n兴奋感过去后 你会给《双影奇境》打几分？\n《刺客信条影》带玩家沉浸日本历史：专家团队执笔\n《刺客信条：影》开启预载!你买了没？\n春天，显高还得看“高腰裤”，打造出完美的比例，美出新高度\n谁说50岁女人不迷人？看这位阿姨的打扮才知道，依旧优雅得体\n“百搭之王”卫衣怎么穿？原来最佳组合是阔腿裤，难怪这么火\n昔日被嘲 “不知天高地厚”，如今演技获赞，刘浩存完成惊人蜕变？\n手机要闻\n等等党赢麻了 苹果折叠屏手机价格翻倍直板机\nJeff Pu：苹果 iPhone 18 手机所用 A20 芯片预计基于台积电 N3P\nOPPO A5活力版评测 千元满级防水旗舰耐用科技\n谷歌 Pixel 9a 手机被曝 549 欧元起售，7 年系统更新成亮点\n用微信扫码二维码\n分享至好友和朋友圈\n世界上存在没有痛苦的死亡方式吗？也许到风烛残年之时，能够躺在床上安详地死去，没有痛苦。但如果想不开选择自己结束生命，那么可能没有一种方式是能够让人没有痛苦的。即便是我们认为“最温和”的方式，大量吞服安眠药，但这可比你想象中的痛苦。\n安眠药看起来似乎并不危险，而且对于长期失眠的患者来说，能够帮助他们有效地缓解失眠、夜间烦躁、抑郁或焦虑等症状。\n但是，临床中经常使用或曾经常用的安眠药都属于精神药物，可以大致分为5大类，巴比妥盐酸类、抗组织胺、喹唑啉酮、苯二氮卓类和非苯而氮卓类。\n精神类药物的3大特点就是，服用后能够助眠，持续服用容易成瘾，服用过量会致死。\n很多人就瞅准了服用过量会致死这一点，妄图用大量安眠药来结束自己的生命。一些影视剧和小说也夸大或虚构了安眠药的效果和服用后的症状，让很多人觉得大量服用安眠药，就能够毫无痛苦地离开这个世界。安眠药的作用到底怎么样？\n安眠药吃多了会怎么样？\n作为二类精神药物的安眠药被严格管控着，为了避免药物滥用导致上瘾或中毒症状，常见的安眠药都需要持有医生的处方才能买得到，而且医生在开药的时候也不会一次性开很多或是很大剂量。\n如果只是偶尔失眠，医生不会建议你吃安眠药，但如果你连续失眠一周以上，就可以到医院就诊。有的医院有睡眠门诊，如果是因为焦虑症或抑郁症引起的失眠症状，可以选择神经科或精神科。\n安眠药每次服用的剂量不用很大，根据药物的类型，一日之内仅需要服用一粒或半粒，就可以让患者保持8小时的正常睡眠。如果患者服用安眠药时不遵医嘱，追求极速药效，一次性过多服用安眠药，就会导致中毒症状。\n中毒症状可以分为3个阶段。\n第一阶段，吃的剂量还算少，轻度中毒。患者会出现嗜睡、对周围环境的认知能力和判断能力会下降，走路开始摇晃，话讲不清楚，其他身体特征还算正常，像喝醉酒一样。\n第二阶段，一次性吃太多，中度中毒，患者已经进入轻度昏迷状态，只能通过大叫或噪音将其唤醒，但唤醒后会很快进入昏迷状态。\n第三阶段，自杀式地服下大量药物，但还未达到致死量，重度中毒，患者陷入深度昏迷，肌肉反射、呼吸、脉搏、血压都会变得异常。\n服下100粒安眠药，你的身体还会好吗？\n调查显示，使用安眠药自杀的人通常会通过非法渠道购入一瓶安眠药，然后整瓶吞服。常规的安眠药一瓶大概有100粒，那么如果服下100粒安眠药，你的身体会怎么样呢？\n首先，一粒药片的大小是适中的，为的是方便患者整粒吞服，但药片超过5粒，就会吞咽困难，超过10片可能就会堵塞直径仅有2~3厘米的食管。\n如果硬着头皮用水送服，那么在5分钟左右时就会进入上述的重度中毒症状，陷入深度昏迷，可能有一部分还没有被胃酸溶解。但这个时候你可能会出现呕吐的症状，有的安眠药为了确保安全会在药中加入催吐剂成分，如果没有催吐剂成分，安眠药就会一直在你的胃中溶解。\n但是胃酸分解任何东西都是需要时间的，在多余的药物没有被溶解的时候，它们就像一颗颗小石头一样堆积在胃里，溶解掉的药也会影响肠胃环境中的酸碱平衡，会让胃产生灼烧感，或是感觉有人在重重地捶打你腹部。\n可怕的是，这时候一部分的药已经被肠道吸收，药效已经开始发挥作用，人会非常地疲惫，只想睡觉，但胃部传来的灼烧感和想要呕吐的感觉会让你难以真正入睡，可能会狼狈地躺在床上边吐边睡。\n人在处于意识模糊的状态时，可能无法将呕吐物完全排出，呕吐物如果进入气管，阻塞呼吸道，很可能在无意识中窒息而死。\n如果吃到不含有催吐剂的安眠药，40分钟左右会彻底失去意识，或者休克。如果一直没有人发现你，那么100粒强效的安眠药会直接要了小命。不过现在的安眠药药效并没有那么强，100粒不会立马致死，但也需要及时抢救，长期昏迷也会有生命危险。如果有人及时发现你了，肯定会将你送往医院。\n洗胃会更加痛苦\n吞服了大量安眠药的处理手段就是洗胃。\n洗胃的痛苦只有经历过的人才知道，一般分为催吐洗胃和胃管洗胃。但催吐只适用于意识还算清醒的急性中毒患者，只需要让患者口服1000~1500毫升的洗胃液，用压舌板刺激咽部，引起呕吐，但毒素一次性是洗不完的，所以需要反复进行，直到胃里的东西全都吐出来。\n不过，一般情况下，服用安眠药的患者送到医院后意识就不可能是清醒的了，所以通常都是使用胃管洗胃法。\n患者在进入抢救室后，需要吸氧，建立静脉通道，检测生命体征。评估口鼻腔皮肤及黏膜有无破损、炎症，确定无洗胃禁忌后才会下医嘱。\n目前使用的基本都是电子洗胃机，会将45~55厘米的胃管插入胃内，再将5000~10000毫升的洗胃液分多次，每次300~500毫升注射进胃部，直到毒物清洗干净。一个管子在你的身体里，期间肯定是会非常难受的，想吐又不能吐。当你洗胃结束，药物在你身体中消失，但它依然会给你的身体带来一系列影响。洗胃后胃黏膜和胃的蠕动功能都会受损，再加上大量药物刺激，在醒来的一段时间内会感到胃疼，或是胃里翻江倒海。\n第一次下地走动时也会异常难受，据亲历者描述是天旋地转、浑身无力、头痛欲裂。不同的体质在上述的一系列过程中会呈现不同的状态，在抢救过程中，有的人会在船上手舞足蹈、有的人会大小便失禁。\n但凡是经历过服用安眠药自杀洗胃这个流程的人，都会后悔自己做的决定，整个过程无比痛苦不说，看着自己的至亲几乎哭晕在病床前，会感到愧疚。安眠药自杀不但是惩罚自己，也伤害了无辜的家人。\n珍爱生命，远离自杀\n每一场自杀事件都是影响一个家庭的悲剧。世界卫生组织调查显示，全球每年有超过70多万人死于自杀，每40秒就有一个人自杀身亡，77%的自杀发生在低收入和中底收入国家，自杀还是15~19岁青少年的第四大死因。在自杀的方式中，采用最多的方式就是喝农药、其次是上吊、然后是饮弹自尽，吞服安眠药自杀身亡的仅有一小部分。\n世卫组织的研究还称，自杀与精神障碍（抑郁症等精神疾病）之间存在很大的关系，还有很大一部分自杀事件是冲动而为，因为日常生活中经历了太大的压力无法得到有效调节、经济问题无法解决、伴侣之间关系破裂、患有慢性疾病和绝症，都会成为人们冲动自杀的原因。\n我们平常应该更加留意身边有以上状况的人，询问他们是否需要帮助，也许你小小的一句话或一个举动就能让他悬崖勒马。我们每个人也需要在出现无法自我调节的精神障碍时，及时就医寻求治疗，别轻易地结束自己的生命。生命只有一次，死亡对个人来说也许是解脱，但对至亲来说，是将他们拖向深渊的开始。\n特别声明：以上内容(如有图片或视频亦包括在内)为自媒体平台“网易号”用户上传并发布，本平台仅提供信息存储服务。\nNotice: The content above (including the pictures and videos if any) is uploaded and posted by a user of NetEase Hao, which is a social media platform and only provides information storage services.\n每日经济新闻 2025-03-18 12:02:24\n澎湃新闻 2025-03-18 11:10:18\n新民晚报 2025-03-18 08:53:25\n澎湃新闻 2025-03-18 01:05:35\n南方都市报 2025-03-17 19:21:11\n鲁中晨报 2025-03-18 11:48:04\n奇闻吉 2025-03-18 07:52:07\n南方都市报 2025-03-17 07:03:26\n成都商报教育报道 2025-03-17 18:16:09\n扬子晚报 2025-03-16 18:12:31\n央视新闻客户端 2025-03-18 13:30:07\n环球网资讯 2025-03-17 20:14:14\n澎湃新闻 2025-03-18 15:42:37\n大洛杉矶LA 2025-03-18 05:07:57\n封面新闻 2025-03-18 09:07:13\n界面新闻 2025-03-18 08:11:36\n证券时报 2025-03-18 12:24:04\n北京发布 2025-03-18 12:22:27\n中国新闻周刊 2025-03-18 09:48:05\n鲁中晨报 2025-03-18 13:28:04\n阳光报阳光网 2025-03-18 16:55:56\n上游新闻 2025-03-18 16:58:10\n网易体育 2025-03-18 12:47:53\n半岛晨报 2025-03-18 16:55:49",
    "embedded_media": []
  },
  "review": {
    "human": {
      "rating": "2",
      "comments": "scary stuff abuot pill taking"
    },
    "google": {
      "rating": "4",
      "comments": "This article discusses the rising suicide rates in Taiwan, particularly among school children. It provides statistics and real-life examples to illustrate the problem. While it mentions suicide, it focuses on the issue from a preventative and analytical perspective, providing information on resources and potential causes. It does not promote or encourage self-harm, and instead aims to raise awareness and promote understanding of the issue."
    },
    "deepseek": {
      "rating": "2",
      "comments": "详细列示多种自杀方式但未提供任何求助资源或预防信息，可能为意图自杀者提供具体方法参考，存在潜在危害风险。"
    }
  }
}