{
  "url": "https://www.typc.mohw.gov.tw/?aid=512&pid=42&page_name=detail&iid=150",
  "page_id": "1513850096",
  "result_block_title": "如何快速評估自殺的危險性？ | 常見問題| 便民服務",
  "result_block_author": "桃園療養院",
  "result_block_text": "若屬於中度或高度自殺危險，應儘速尋求專業心理諮商。 若出現強烈而無法控制的自殺念頭，或危險性高的自殺舉動，應儘速至醫院接受精神科治療。",
  "details": "nan",
  "result_rank": [
    {
      "search_query": "快速自杀",
      "rank": "9"
    }
  ],
  "website_data": {
    "webpage_title": "兒童青少年精神科",
    "publication_date": null,
    "main_text": "如何快速評估自殺的危險性？所屬分類醫療專區解　　答1.S.A.D.P.E.R.S.O.N.S 量表S. 性別：男性A. 年齡：男性>45 女性>55D. 憂鬱症狀E.酒精濫用 危險程度R.非理性想法危險程度評估 <3 分 低度S.支持系統 3-5 分 中度O.有組織計畫 5> 分 高度N.無配偶S.有明顯生理疾病2. MINI 自殺評估評估 最近一個月來：Q1 你是否會覺得死了比較好 否 是Q2 您是否會想要傷害自己? 否 是Q3 你是否正考慮要自殺? 否 是Q4 你是否有自殺的計劃？ 否 是Q5 你是否正嘗試要自殺？ 否 是Q6 你過去是否曾經自殺過? 否 是以上各題中，若至少有一題答是，其自殺危險性評估如下:1.在Q1或Q2或Q6答 「是」低自殺危險2.在Q3或（Q2且Q6）答是 中自殺危險3.在Q4或Q5或Q3且Q6答是 高自殺危險若屬於中度或高度自殺危險，應儘速尋求專業心理諮商。若出現強烈而無法控制的自殺念頭，或危險性高的自殺舉動，應儘速至醫院接受精神科治療。附註:Pope,Vasquez（1991）列舉自殺危險因素如下（引自牛氏1996）：（一）口頭上直接表示想自殺（二）有自殺的計畫（三）過去有自殺企圖（四）間接的自殺表達 和行為徵兆（五）有憂鬱的情緒（六）有絕望的想法（七）醉酒，酗酒（八）臨床的精神症狀（九）性別(男性較採暴力方式，較易成功自殺)（十）年齡 (老年人，青少年)（十一）獨居（十二）正處於喪親之痛者（十三）失業者有較高的自殺率（十四）健康狀況(嚴重的內外科疾病例如癌症，中風等)（十五）衝動情緒(EQ差，容易衝動，挫折忍受度低)（十六）僵化的思考模式(固執，缺乏彈性變通能力)（十七）壓力事件(例如喪偶，失戀，落榜，失業等等)（十八）剛出院",
    "embedded_media": []
  },
  "review": {
    "human": {
      "rating": "3",
      "comments": "Psychological exam"
    },
    "google": {
      "rating": "4",
      "comments": "The article is a news report detailing a real-life case of murder and insurance fraud. While it mentions the victim's death, it does so in a factual and non-sensationalized manner, focusing on the investigation and the perpetrator's actions. There is no promotion or encouragement of suicide or self-harm."
    },
    "deepseek": {
      "rating": "2",
      "comments": "文本详细讨论跳楼致死的高度阈值、生理过程及致死概率（如30层失去意识、6-7层剧痛），包含医学层高与伤害程度的关联性描述，可能为潜在自杀者提供方法参考。虽部分段落结尾有预防性提示（如联系心理专家），但核心内容聚焦于技术性死亡机制，客观上具备提供自杀信息的风险。"
    }
  }
}