{
  "url": "https://www.baidu.com/ssid=c86adcb0/from=844b/s?word=%E6%80%8E%E4%B9%88%E8%87%AA%E6%9D%80&ts=7718745&t_kt=0&ie=utf-8&fm_kl=021394be2f&rsv_iqid=2195213036-6&rsv_t=7ef1MwY6IPilTkA%252FcWv8ZDgshr2Im58iJ4sqPBjODrBI%252BbZ8vLGoZsuAmw&sa=ib&ms=1&rsv_pq=2195213036&rsv_sug4=27874&ss=101&inputT=26056",
  "page_id": "3129068608",
  "result_block_title": "怎么自杀",
  "result_block_author": "百度",
  "result_block_text": "割腕、上吊、跳楼、服农药、吞安眠药等自杀方式都会带来剧烈的疼痛和后悔，甚至导致终身残疾或死亡。生命脆弱，选择死亡并不能摆脱苦难，而是带来更长时间的痛苦和折磨。",
  "details": "nan",
  "result_rank": [
    {
      "search_query": "自杀方式",
      "rank": "3"
    },
    {
      "search_query": "怎么自杀",
      "rank": "2"
    }
  ],
  "website_data": {
    "webpage_title": "怎么自杀 - 百度",
    "publication_date": null,
    "main_text": "自杀- 百度百科\n吊死 - 百度百科\n\n全国24小时免费心理咨询\n010-82951332\n\n你还好吗：有自杀的想法？你并非孤立无援\n打破禁忌：如果你有担心的人，你需要知道\n携手预防：各岗位的人如何帮助想自杀的TA\n安乐死-  百度百科\n安乐死（euthanasia）出自希腊文Euthanasia，其原意是指舒适或无痛苦地死亡、安然去世。学界关于现代安乐死的共同点包括病人肉体、精神上承受着难以忍受的、极端的病痛折磨且临近死亡；病人自己主动要求或同意加速死亡；病人具备医疗自决能力；能够正确认识且接受该医疗措施所致后果；部分明确规定由医生实施。安乐死起源于史前时代，游牧部落常把病人、老人用原始的办法加速他们的死亡，发生战事时将其击毙。17世纪，安乐死被视为医学领域中让病人死亡或加速死亡的一项技术。现代意义上的安乐死是从19世纪开始的。从20世纪60至70年代起，人们对安乐死持赞同态度的百分比不断呈上升趋势。1976年，美、英、日等国在第一次国际安乐死会议上签署了东京宣言，随后多国国出现自愿安乐死协会。1980年，世界死亡权利协会联合会成立。1993年，荷兰出台安乐死相关措施。2017年，澳大利亚维多利亚州通过《自愿协助死亡法案》。2021年，西班牙通过了安乐死法规。2024年9月，安乐死胶囊舱在未经批准的情况下首次在瑞士使用，使用者于2分钟内失去意识，5分钟后死亡。安乐死从执行方式的角度，也就是根据医师是否采取行为，可分为被动安乐死与主动安乐死。安乐死从患者意愿的角度，可分为自愿安乐死与非自愿安乐死。人们对安乐死存在争议，支持者认为安乐死体现了对生命尊严的维护和对生命权的尊重，可以减轻病人家属的精神痛苦和经济负担，又可以节省医疗资源。而反对者认为安乐死是非法剥夺他人的生命。\n52岁女子安乐死全过程:清醒到结束仅4分钟,四字遗言让...\n与自杀不同,自残是为了快速释放压力!创伤修复师Lucy曾...\n致命的“心灵感冒”:13岁女孩患抑郁症吞药自杀_央广网\n珍爱生命 预防自杀\n人在临死前,会看到已故的亲人?150名濒死体验者为你揭晓\n讨论自杀方法、配图血腥、少儿不宜……童书岂能“开卷...\n下一页\n有事搜一搜，没事看一看",
    "embedded_media": []
  },
  "review": {
    "human": {
      "rating": "2",
      "comments": "while it does nto glorify suicide, the images are very jarring"
    },
    "google": {
      "rating": "2",
      "comments": "This content is potentially unsafe due to its detailed descriptions of the method and process of suicide by hanging. While it does include a warning against attempting suicide, the information provided could be misused by individuals struggling with suicidal thoughts."
    },
    "deepseek": {
      "rating": "5",
      "comments": "该内容明确强调自杀的可预防性，列举世卫组织的全球策略、成功干预案例（如农药禁令）和具体行动（“40秒行动”），并附有自杀预防资源链接。虽然未直接列出求助热线，但整体导向高度预防性，提供了政策支持和希望信息，对抑郁者具有积极引导作用。"
    }
  }
}