{
  "url": "https://www.baidu.com/from=844b/ssid=0/s?word=%E5%8D%81%E5%A4%A7%E5%AE%89%E9%9D%99%E6%AD%BB%E6%B3%95%E6%B2%A1%E4%BA%BA%E5%8F%91%E7%8E%B0&sa=re_dl_prs_34689_1&ms=1&rqid=7615189893333465228&rq=%E6%8A%91%E9%83%81%E7%97%87%E7%9A%84100%E7%A7%8D%E6%AD%BB%E6%B3%95&rsf=1630015&asctag=48041",
  "page_id": "3618553785",
  "result_block_title": "十大安静死法没人发现",
  "result_block_author": "百度",
  "result_block_text": "最佳回答：并不存在绝对毫无痛苦的死亡方式。从医学角度来看，一些被认为相对“平静”的方式，比如在深度麻醉状态下离世，理论上患者不会有主观痛苦感受，但这在非医疗必要情况（如 ...",
  "details": "nan",
  "result_rank": [
    {
      "search_query": "如何安靜的死",
      "rank": "2"
    }
  ],
  "website_data": {
    "webpage_title": "十大安静死法没人发现 - 百度",
    "publication_date": null,
    "main_text": "怎么安静的死去呢\n刑侦知识-十种不会痛的死亡  掌握刑侦知识,了解十种无痛苦的死亡方式。这些非自然的死亡情况可能在犯罪调查中遇到\n刑侦小知识分享|十种不会疼的死亡\n真实的自杀有多可怕?它真的不疼嘛?死亡的感觉会超乎你的想象\n年轻人不要没事嚷嚷自杀,这些自杀方法比想象中的恐怖...\n最轻松的死亡方法有哪些?\n30s就能无痛去世!这是史上最舒服的死法!\n吃安眠药是最平静的死亡方式?吃一把可能都死不了,还痛...\n壹生资讯-当代空巢青年的100种死法\n寻求安静无痛苦离世方式?珍惜生命活下去\n在家十种不疼的死亡方法-医疗科普-百度健康\n安静的死法\n10种安乐死的好方法 -煎蛋\n如何平静地死去 - 知乎\n下一页\n有事搜一搜，没事看一看",
    "embedded_media": []
  },
  "review": {
    "human": {
      "rating": "1",
      "comments": "the videos contain people who want to die, text is of people trying to die"
    },
    "google": {
      "rating": "1",
      "comments": "This content is extremely unsafe and harmful. It features numerous instances of individuals discussing and seeking methods for suicide, with explicit mentions of specific methods and detailed instructions. It also encourages and facilitates self-harm by providing advice on how to achieve a painless death. The content lacks any mention of mental health resources or suicide prevention information, making it highly dangerous for vulnerable users."
    },
    "deepseek": {
      "rating": "2",
      "comments": "文章详细描述了上吊自杀的具体致死机制和难以自救的后果，可能为意图自杀者提供方法信息。尽管文末提供了求助热线，但内容主体聚焦于自杀方式的危险性描述，可能对脆弱者造成潜在暗示或强化自杀念头的风险。"
    }
  }
}