{
  "url": "https://jsjc.gov.cn/shzs/fzzc/202308/t20230808_1537884.shtml",
  "page_id": "4151506125",
  "result_block_title": "网上“帮助”他人自杀如何定性",
  "result_block_author": "江苏检察网",
  "result_block_text": "冯某对被害人实施的“隔空助力”基本等同于“面面相授”，产生了实质帮助，反映出其明显具有积极追求他人死亡结果的发生而予以帮助的主观故意，且其帮助行为与 ...",
  "details": "2023年8月8日",
  "result_rank": [
    {
      "search_query": "怎么自杀",
      "rank": "9"
    }
  ],
  "website_data": {
    "webpage_title": "网上“帮助”他人自杀如何定性_江苏检察网",
    "publication_date": null,
    "main_text": "\n伍舒婷/漫画\n核心提示\n◆冯某对被害人实施的“隔空助力”基本等同于“面面相授”，产生了实质帮助，反映出其明显具有积极追求他人死亡结果的发生而予以帮助的主观故意，且其帮助行为与被害人的死亡结果之间具有物理和心理上的因果关系，其行为符合故意杀人罪的构成要件。\n“李检察官，二审裁定书已收到。被害人家属特意让我转达对检察机关的感谢！”近日，山东省济南市历城区检察院第一检察部检察官李鲁平接到了被害人马某的诉讼代理人打来的电话。至此，这起山东省首例利用互联网实施的故意杀人案画上了句号。\n自杀还是他杀？\n2021年12月1日20时，济南市公安局历城区分局报警中心接到报警电话：“110吗？我刚才看到同学马某在社交软件上发布的一条‘定时说说’，他拜托警察叔叔去历城区某酒店某房间收拾他的遗体，屋内有高浓度氮气。麻烦你们去看看吧！”几乎同一时间，酒店方也打来紧急求助电话，“我们酒店某房间的房客可能在房间自杀了，麻烦你们快来看一下吧！”\n现场勘查结果显示，马某是一名年轻男子，房间内物品摆放整洁有序，现场无破坏痕迹，财物无丢失情况，排除他杀可能性，初步认定为自杀。\n随后，公安机关对马某随身携带的物品进行检查。其中，马某手机里生前的微信聊天记录引起了办案民警的警觉。原来，马某生前曾与一名微信昵称为“何杨”的网友详细交流过“如何自杀”。“何杨”向马某详细讲解了自杀的方法，并诱导、催促马某尽快实施自杀行为。在马某已经死亡后，“何杨”还不间断地通过微信联系马某，以确定其“是否真正死亡”。\n带着重重疑点，公安机关迅速着手核查“何杨”的真实身份。经查，“何杨”为四川成都人冯某，系马某死亡前一周在某网络平台上结识的新网友，存在重大犯罪嫌疑。2021年12月3日，公安机关以冯某涉嫌故意杀人罪进行刑事立案，并于12月5日将其押解归案。\n鉴于该案犯罪嫌疑人主要利用网络平台与被害人进行“隔空交流”，与传统的故意杀人案有明显区别，历城区检察院检察官李鲁平应邀依法介入该案。检警双方通过沟通协作，很快确定了“重点进行电子证据的收集与研判”的办案方向。在检察官的建议下，公安机关调取了冯某全部社交软件的聊天记录、网页浏览记录、网购记录等资料。\n经初步侦查，考虑到冯某有传授他人自杀方法、帮助他人自杀，并继续向其他潜在被害人发送类似信息的可能，社会危险性极大，公安机关迅速对其采取强制措施。2022年6月29日，该案被移送历城区检察院审查起诉。\n“一起走”还是“送你走”？\n随着侦查工作的深入，案件真相逐渐浮现。\n原来，2021年11月至12月期间，犯罪嫌疑人冯某在互联网论坛上多次搜索自杀、抑郁的相关文章，并主动向文章下留言评论的百余名网友发送“一起吗？我有无痛死亡方法”“是否一起自杀”等诱导性信息。冯某甚至还加入多个微信群，以“与他人一起自杀”为由向多个网友介绍、推荐自杀的方法。\n被害人马某系济南某学院在校学生，2020年因患抑郁症休学治疗一年，2021年返校恢复学习。同年11月23日凌晨，马某来到学校附近一小区高层楼楼顶欲跳楼自杀，但出于对死亡过程中痛苦的恐惧，他放弃了自杀念头。\n2021年11月24日，马某在某App上读到了冯某的留言“一起走吗？我有无痛方法”，本就患有抑郁症的马某随即按照冯某留下的信息添加其为微信好友。冯某告诉马某“在世上多待一天都是煎熬”，并适时向其发出邀请“一起走吗”，取得了马某的信任。聊天过程中，冯某以图文并茂的方式将自杀的方法逐个展示给马某，并谎称自己“使用过上吊、烧炭、服用安眠药等多种方式尝试过自杀，不仅没死成，反而总因被救而徒增痛苦”。看到志同道合的“战友”如此交心，马某也吐露了“因为惧怕痛苦才没敢从31层楼顶跳下去”的心声。\n“兄弟，我给你推荐一个无痛的方法吧！包送走！有个大哥就是通过这种方式死的，在死之前还把手机格式化了，警察什么也查不到，不会给任何人增添麻烦！”在频繁的文字、语音、视频聊天交流中，冯某诱导性的话语让马某轻生的念头愈发强烈。\n冯某不仅向马某传授了“吸食氮气”的自杀办法，更为其提供了卖家链接。为方便马某尽快拿到氮气并实施自杀，冯某甚至细心地推荐了与马某同城的卖家。待氮气到货后，冯某又悉心教授马某操作方法，还多次与其视频确认是否正确安装，以保证自杀一次性成功。不仅如此，冯某还否定了马某在宿舍自杀的思路，转而推荐马某去宾馆。为进一步坚定马某的自杀决心，冯某不断表示自己早已忍受不了煎熬，催促马某“尽快走”，不然自己就要“先行一步”。\n2021年11月29日，马某将订房信息发给了冯某。冯某当即表示自己也去开房，明天“一起走”。次日，冯某再次坚定地向马某表示“今晚走”。同年12月1日，冯某通过微信反复询问马某“到宾馆了吗？”“发张图片，我帮你看看搞得对不对。”马某到达宾馆后，冯某又频繁向其发送信息，甚至主动拨打视频电话，与马某进行了长时间沟通。其后，马某留下遗言“冥想一会儿，准备走了”，随后自杀身亡。\n马某自杀后，冯某一再通过微信追问“兄弟，走了吗”，并在互联网上向其他网友炫耀：“看，我刚送走的！”\n教唆他人自杀获刑五年\n该案存在几个争议焦点：一是犯罪嫌疑人冯某的行为是否属于教唆、诱导或传统意义上的帮助行为？二是冯某的行为与马某的死亡结果是否存在刑法上的因果关系？三是相约自杀行为的刑法责任评价问题。\n针对争议焦点，检察机关开展自行补充侦查，以被害人马某的日常表现、人际关系等作为调查重点，询问被害人的父母，实地走访马某的同学及辅导员，并通过调取学校监控、恢复被害人手机与电脑的电子数据等，较好地还原了案件事实。在此基础上，检察官还邀请法学专家与侦查人员多次召开研讨会、听证会，听取多方意见，反复审查论证。\n2022年7月，历城区检察院以冯某涉嫌故意杀人罪提起公诉。今年2月该案一审开庭。开庭审理阶段，辩护人对于检察机关指控的罪名与犯罪事实均有异议，为被告人作无罪辩护。检察官向法庭阐述：被告人冯某以相约自杀为名，主动向被害人推荐、传授自杀方法，发送自杀工具购买链接，提供虚假的自杀成功范例，促使被害人实施了自杀行为。冯某对被害人实施的“隔空助力”基本等同于“面面相授”，产生了实质帮助，反映出其明显具有积极追求他人死亡结果的发生而予以帮助的主观故意，且其帮助行为与被害人的死亡结果之间具有物理和心理上的因果关系，其行为符合故意杀人罪的构成要件。\n今年4月，法院对该案作出一审判决，以故意杀人罪判处冯某有期徒刑五年。对一审判决结果，冯某不服并提出上诉。近日，二审法院作出裁定，维持原判决。\n版权所有：江苏省人民检察院备案号：苏ICP备17009186号\n地址：南京市宁海路73号邮编：210024电话：12309（服务热线） 025-83798018（值班/传真）\n（浏览本网主页，建议将电脑显示屏的分辨率调为1024*768以上）",
    "embedded_media": []
  },
  "review": {
    "human": {
      "rating": "4",
      "comments": "analyzes a case of person rpomoting suicide, includes 110"
    },
    "google": {
      "rating": "5",
      "comments": "This content is highly safe and helpful. It provides detailed information about suicidal thoughts and depression, emphasizing the importance of seeking professional help. It also includes multiple resources, including hotline numbers and contact information for a TMS treatment alliance."
    },
    "deepseek": {
      "rating": "5",
      "comments": "文章明确推广世卫组织预防自杀的“40秒行动”，强调减少自杀手段、提供心理支持及成功案例，并多次呼吁公众/国家采取行动，整体内容以预防和资源引导为核心，虽未直接列出热线但隐含求助导向，符合高度预防性标准。"
    }
  }
}