{
  "url": "https://www.farhugs.com/questions/3198",
  "page_id": "6965735248",
  "result_block_title": "該怎麼自殺| 匿名使用者",
  "result_block_author": "FarHugs 遠距抱抱",
  "result_block_text": "我研究了大部份可以死亡的方式，決定等真的不再有期望時去執行，那就是安眠藥+上吊。 但死亡談何容易，只要還有一點點希望、還有一點溫暖、還有一點在乎的人 ...",
  "details": "2023年7月5日",
  "result_rank": [
    {
      "search_query": "死亡方法",
      "rank": "5"
    }
  ],
  "website_data": {
    "webpage_title": "該怎麼自殺 | 匿名使用者 | FarHugs 遠距抱抱",
    "publication_date": null,
    "main_text": "該怎麼自殺\n每次都覺得想要在路上被車撞一下\n這樣是不是就可以擺脫工作 擺脫這些事情\n不過車禍也不是那麼好遇 而且車禍的屍體感覺很慘\n割腕太慢 有被救回的風險\n跳樓怕害到人 不夠高也很難死 而且屍體也不好看\n安眠藥也有風險 毒藥不知道可以哪裡弄來\n燒炭聽說身體會呈現粉色 不過要準備有點麻煩 而且沒有車 只有房間的話有點難 也不想讓房東為難\n明明想死 卻又不想讓任何人受傷害 好像有點自私\n\n如果世界上的事情都是決定好的\n我會自殺是不是也是決定好的\n我沒有信宗教 但是宗教總是說自殺是不好的 可是我就會思考 如果自殺或是死亡時必然 又何嘗不好呢\nT2023 年 7 月 5 日 8:32 PM\n你需要專業的幫助，試試看與合拍的心理諮商師聊一聊，也許你的心境會不一樣，這世界可能沒有我們想像中的美好，但是還是有一些還不錯的地方，等著你慢慢去發掘和體會，祝福你！\nWood2023 年 7 月 7 日 12:20 PM\n自殺絕對不是決定好的事情，而是你真的遇到太多承受不住的壓力，你是認真需要被幫忙的！\n這裡的心理師可以大大幫助你度過難關，適時的為自己喊聲救命，不要怕麻煩到別人，給你抱抱！\nSIN2023 年 7 月 12 日 11:32 AM\n我研究了大部份可以死亡的方式，決定等真的不再有期望時去執行，那就是安眠藥+上吊。但死亡談何容易，只要還有一點點希望、還有一點溫暖、還有一點在乎的人、還有一點好吃的東西也許就能多一點勇氣吧。\n原作者2023 年 7 月 12 日 3:18 PM\n謝謝大家的言論\n我有在進行諮商從高中到現在10年了\n現在也有固定配合的諮商師了\n有時候我覺得諮商就像一個異空間\n在這個異空間有時候我不是我 也是我\n諮商師他對我來說不是同個世界的人\n有時候我不一定會講難過或是不開心的事情\n甚至會分享一些趣事\n反反覆覆上 真正談論心底深處那些東西 其實是在近幾年\n也是在近幾年我才認定了自己受傷\n\n不過還是很不滿這個世界 不喜歡這個世界的不公 覺得為什麼每個人不能再友善一點 為什麼都是善良的人受到傷害\n大家都還在嗎 我也好想消失在世上2023 年 7 月 24 日 10:04 AM\n我也是 有推薦不痛苦的死亡方式嗎\nEllison2023 年 7 月 27 日 2:33 PM\n我有個10多年最好的朋友當時死意堅決，喝了硫酸，後來反悔了，找鄰居家幫忙打救護車，不過後來還是走了。當年26。\nEllison2023 年 7 月 27 日 2:39 PM\n如果自己死意堅決了，可以先打給榮總。他們那邊可以讓你打K他命，搞不好可以救你一命。看報導有70%以上患者在1小時內沒想死了，可以參考。\n。。。2024 年 6 月 8 日 6:02 PM\n安眠藥+上吊 研究過 可以  自己撐不住會用\nv2024 年 7 月 10 日 2:08 PM\n氰化物\n原作者2024 年 7 月 10 日 4:50 PM\n怎麼弄得到氰化物\n原作者2024 年 7 月 10 日 4:50 PM\n2024年的我還在\nv2024 年 7 月 10 日 5:22 PM\n蘋果籽收集很多顆自己去搜尋，我剛剛嘗試了乙醇加各種東西威士忌和飲料，真的太難喝了。沒成功\nv2024 年 7 月 10 日 5:24 PM\n加了止痛藥一盒和一堆乙醇加威士忌現在很暈沒有用\nv2024 年 7 月 10 日 5:26 PM\n知道你還在真的很好\nv2024 年 7 月 10 日 6:27 PM\n我…我被封鎖了\n將死之人2024 年 8 月 30 日 8:38 PM\n安眠藥哪裡取得\n將死之人2024 年 8 月 30 日 8:39 PM\n支持開放安樂死\n將死之人2024 年 8 月 30 日 8:42 PM\n恨不得現在一車撞死但也會麻煩到別人\n還是慢性亂吃喝抽亂喝絕症死一死都不要治 沒什麼好活得\n原作者2024 年 9 月 5 日 6:30 AM\n真的沒什麼好活的 為了死掉還要考慮別人麻煩\n我們人也太好\nFul2024 年 10 月 7 日 11:25 AM\n我也想自我了斷，憂鬱十幾年，父母漸老，很不想拖累他們\n硍哩2024 年 10 月 10 日 10:28 PM\n如果探尋生活意義發現是個冗長人生\n走吧 一起去死吧？\n死意堅決的人2024 年 12 月 29 日 2:20 AM\n我活在父母的陰影二十幾年了，最後的一年好不容易做回自己結果才發現我是一個多糟糕的人。家人看到我就煩，前女友沒用沒用的罵我，甚至用我聽力殘障這點來說我。我苦苦挽留一切，什麼都做不到。我已經累斃了，想死想了很久了。有沒有人想要約集體死亡的，我想報名。\n人生如夢2025 年 1 月 1 日 8:59 AM\n回樓上 死意堅決的人 我也想約，一起上路不孤單\n原作者2025 年 1 月 1 日 10:17 AM\n2025年我還在\n妹妹2025 年 1 月 7 日 4:51 PM\n到底要怎麼安心離開這個世界\n被說你怎麼不去死一死\n再次觸動了我登出的念頭⋯⋯\n該怎麼辦\n原作者2025 年 1 月 8 日 12:17 AM\n@妹妹\n我還在 你可以跟我一起想想怎麼死比較好\n妹妹2025 年 1 月 9 日 2:38 AM\n想默默的登出\n但不想影響到其他人好難😖\n桔梗2025 年 1 月 14 日 7:45 AM\n我也很想很想離開 已經不知道該怎麼做才好了 不論我怎麼做都是錯的\n無用之人2025 年 1 月 28 日 11:11 AM\n這絕望的年，乾脆登出這世界算了，有人想一起嗎？\n語蓁2025 年 2 月 5 日 6:45 AM\n過年前到現在自殺兩次還是被救回來，想找一個不想繼續人生的人一起離開，至少最後不孤單\n失眠抑郁想重新来过的伦2025 年 2 月 16 日 9:43 AM\n有想一起走的吗？我活到很痛苦\n音音2025 年 2 月 17 日 7:02 AM\n我也想一起死，我跳樓自殺過失敗了！現在的每一天我都受著病魔纏身，失血過多也沒有想像中的那麼簡單！\n無用之人2025 年 2 月 17 日 10:52 AM\n我在研究手冊，想成功好像就必須找平常沒人但偶爾還是會有人路過的地方，不然沒成功的後遺症讓我滿害怕的。\n失眠抑郁想重新来过的伦2025 年 2 月 19 日 9:03 AM\n你们都在哪里？在马来西亚吗？\n音音2025 年 2 月 19 日 9:34 AM\n有台灣的嗎？\n傷2025 年 2 月 19 日 9:58 AM\n求生不得求死不能\n每天晚上都祈求一死，傷心的痛 無從釋懷\n失眠抑郁想重新来过的伦2025 年 2 月 19 日 10:06 AM\n跟我一样 真的求生不得 求死也不能 晚上天天要吃安眠药才能入睡 我不知道要怎么过下去\n失眠抑郁想重新来过的伦2025 年 2 月 19 日 10:07 AM\n第二天又要工作 又要像正常人一样  父母都还在 有没有什么办法能自然直接死去\n傷2025 年 2 月 19 日 10:12 AM\n我想要把保險受益人先寫好，死了有人替我收屍，有人知道有什麼好方法 走嗎？ 我不想承受任何肉體與精神的折磨\n無用之人2025 年 2 月 20 日 10:48 PM\n我是台灣的\n也是每天工作，偽裝成正常人一樣，一定要符合社會期待的樣子，累死我了，很想隨便發生個什麼瞬間過世……\n想離開這個世界2025 年 2 月 22 日 3:11 PM\n想找人一起離開這個世界，感覺比較容易成功\n失眠抑郁想重新来过的伦2025 年 2 月 23 日 8:25 AM\n请问有马来西亚的吗？一\u0000起离开 感觉比较合作 比较容易成功 真的被病痛折磨得很痛苦了 感觉自己慢点会拖累家人\n想離開這個世界2025 年 2 月 23 日 8:53 AM\n我是台灣的，沒法幫你，祝你早日解脫\n想離開所有的痛苦2025 年 2 月 26 日 4:50 PM\n我在台灣 上面有人想一起走的嗎？已經想很久了\nJ2025 年 3 月 2 日 4:11 PM\n《本留言因涉及可能令人不適之內容，已被刪除》\n芮曦2025 年 3 月 6 日 2:25 PM\n人體的自我防護意識真煩 昨天吞了60顆普拿疼結果大半夜都吐了 過幾天想試試上吊～\n平凡的人2025 年 3 月 8 日 11:21 AM\n世界這麼大，為什麼就覺得這個世界容不下一個我？每天演戲真的好累…為什麼要讓我出生？為什麼感受到的都是孤獨？一個人面對「我」這個本體以外的所有，世上的美好都是一眼瞬間，留不住想離開這個世界的我……\n今天就必須死的人2025 年 3 月 10 日 1:36 AM\n想約，一起死，，\n今天就必須死的人2025 年 3 月 10 日 1:39 AM\n如何無痛，無感的死去？\nY2025 年 3 月 10 日 9:47 AM\n我也想知道可以怎么不痛且有效率的死法，活着真的太累太抑郁我觉得够了\n今天就必須死的人2025 年 3 月 10 日 9:52 AM\nY，，\n我還不知道怎麼處理？雖然恐懼死亡，但是更過不了今日\n今天就必須死的人2025 年 3 月 10 日 9:53 AM\n時間差不多了，，應該準備準備了\n今天就必須死的人2025 年 3 月 11 日 3:47 AM\n想離開所有的痛苦\n\n我也是在台灣，一起走好嗎？\n想離開所有的痛苦2025 年 3 月 11 日 8:42 AM\n@今天就必須死的人 我們要怎麼交換聯繫方式？\n今天就必須死的人2025 年 3 月 11 日 8:45 AM\n@想離開所有的痛苦\n122061576  line\n原作者2025 年 3 月 11 日 8:51 AM\n我是原Po 我還在 如果想自殺的話 我還是建議自己一個人 誰知道對方會不會趁機騙財騙色 就已經夠想死了 還要被人利用的話 真的很煩 所以我建議 自己結束比較好\n\n如果你想要今天離開 祝福你\n聽說只要不要有任何人祭拜你的話就不會輪迴轉世 可以真正的離開 記得留下遺書 叫親朋好友不要祭拜你\n今天就必須死的人2025 年 3 月 11 日 8:53 AM\n@原作者\n感謝您，那 麻煩幫我刪除\n原作者2025 年 3 月 11 日 8:54 AM\n我好像也沒辦法刪除\n原作者2025 年 3 月 11 日 8:54 AM\n如果你真的想要有人陪伴你死亡 有人聯絡你的話 你可以評估一下\n原作者2025 年 3 月 11 日 8:54 AM\n你有想要怎麼死嗎\n原作者2025 年 3 月 11 日 8:54 AM\n我可以陪你討論看看怎麼樣可以結束生命\n今天就必須死的人2025 年 3 月 11 日 8:55 AM\n我還不知道怎麼做，才可以無懼怕\n失眠抑郁想重新来过的伦2025 年 3 月 11 日 8:56 AM\n其实我觉得 如果有决心 可以逐渐减少吃食 只喝水 饿死 应该是最无痛的求死法了\n原作者2025 年 3 月 11 日 8:56 AM\n那 你想要死的原因 比死還要可怕嗎\n今天就必須死的人2025 年 3 月 11 日 8:56 AM\n是的\n原作者2025 年 3 月 11 日 8:56 AM\n那你何必懼怕死亡\n今天就必須死的人2025 年 3 月 11 日 8:57 AM\n懼怕死前的痛苦\n原作者2025 年 3 月 11 日 8:57 AM\n死前的痛苦 比你現在還痛苦嗎\n原作者2025 年 3 月 11 日 8:58 AM\n死前的痛苦 假設上吊 好了 大不了3-15分鐘\n失眠抑郁想重新来过的伦2025 年 3 月 11 日 9:02 AM\n@原作者 可以陪我讨论吗？\n原作者2025 年 3 月 11 日 9:02 AM\n可以啊 你覺得但我覺得餓死有點慢\n原作者2025 年 3 月 11 日 9:04 AM\n而且人體意外的恢復力很強 就跟你受傷會恢復一樣 不然如果你有辦法 你去爬山 或是去無人島 在那邊野外求生 說不定可以很快死亡 被動物咬死可能有點可怕 待在洞穴裡 然後完全沒有人 沒有電子設備 應該可以死的更快\n失眠抑郁想重新来过的伦2025 年 3 月 11 日 9:04 AM\n@原作者 \n我不是真的想死 只是现在身体健康原因 又天天需要吃安眠药才能入眠 真的很痛苦 感觉生不如死 我还想重新来过 希望下辈子 不要这样了\n原作者2025 年 3 月 11 日 9:05 AM\n你安眠藥大概吃幾顆才能入睡？\n原作者2025 年 3 月 11 日 9:05 AM\n你希望有下輩子嗎？\n失眠抑郁想重新来过的伦2025 年 3 月 11 日 9:11 AM\n目前是quetiapine 半颗 clonazepam 半颗 刚开始是各两颗 后来减去半颗可以入眠 可是天天还是要吃才能入眠 不然就肌肉跳动 我是因为去年11月 下巴细菌感染 肿了起来 然后医生打了很强的抗生素后就无法自己入睡了 以前的自己都很好睡的 现在成了这个样子 我觉得真的人不像人 鬼不像鬼 黑眼圈也比以前重了\n失眠抑郁想重新来过的伦2025 年 3 月 11 日 9:15 AM\n@原作者 \n我希望还有下辈子的 这个世界苦乐参半 可是还是有美妙美丽的所在\n失眠抑郁想重新来过的伦2025 年 3 月 11 日 9:15 AM\n@原作者 \n你有line吗？\n原作者2025 年 3 月 11 日 9:15 AM\n看起來你的藥量有減少 有在變好 你有跟醫生反應身體上的變化嗎 改變一部分藥物治療 應該可以減緩你入睡的問題\n畢竟你看起來生了重病 體重應該也有所改變 所以你會覺得自己看起來很糟 那很正常\n你去年生了病 現在藥量也慢慢減少 雖然天天吃 但也沒有不好 而且蠻佩服你能繼續堅持下去\n原作者2025 年 3 月 11 日 9:19 AM\n既然你知道這個世界苦樂參半 表示你的心態很好 很高興知道這件事情\n但這輩子\u0000跟下輩子並不是能預測的 既然不能保證下輩子更好 我倒覺得不太需要去想下輩子 下輩子的好 還是留給下輩子的自己也比較公平\n失眠抑郁想重新来过的伦2025 年 3 月 11 日 9:20 AM\n@原作者\n是 消瘦了是蛮多 原本72 现在65 而已\n其实我现在想死的心 是慢慢减少 可是天天这样吃 如果要靠安眠药一辈子 我真的不知道未来要怎样去面对 还有买药看心理医生的费用 所以真正想死的心还是没有抹灭 本来我是心理蛮坚强的人 原生家庭也没有多好 可是还有爱我的妈妈 我真的不知道怎么办 我也怕安眠药吃多年了 不知道会不会变痴呆连累家人朋友\n原作者2025 年 3 月 11 日 9:24 AM\n你的心地真善良\n你現在會有體力做一些事情或是簡單的運動嗎 雖然我不確定你的身體狀況是否能透過消耗體力來達到睡眠\n可以跟醫生討論看看 藥物減少 可以怎麼做 因為有費用上的問題\n看心理醫生的費用確實是一筆花費 我自己也是有這個壓力...所以我有點理解\n原生家庭的問題 也許我們挺相像的...\n確實安眠藥吃多了可能會影響 但我覺得以你的心態 跟 愛你的那個媽媽 即便變成最糟的那樣 我覺得也許還是能夠相持輔佐下去\n原作者2025 年 3 月 11 日 9:27 AM\n雖然你說本來心裡很堅強 但看起來 你現在也蠻堅強的 真的很不容易...\n原作者2025 年 3 月 11 日 9:32 AM\n你想要什麼幫助？\n跟人聊聊？\n金錢上的資助？\n想要痊癒？\n不想再看心理醫生？\n\n我這邊大概能給你的 只有跟你聊聊\n金錢上的話 可以找找補助類 不知道你是在哪個國家\n身體健康的部分 就像我說的 人類意外的滿結實的 也許再過個兩三年 就能恢復\n多吃點 多喝點\n心裡醫生 不想看就不要看了 如果沒什麼用的話 不知道你是看精神科還是諮商 兩者不太一樣\n精神科的話應該是開藥給你 諮商的話應該是可以陪你聊聊天\n如果你想聊聊天 可以選後者\n原作者2025 年 3 月 11 日 9:32 AM\n精神科開的藥 通常會讓人更恍惚 我自己是不怎麼喜歡 後來就不看了 反而思緒更清晰了\n失眠抑郁想重新来过的伦2025 年 3 月 11 日 9:33 AM\n我现在的身体 心跳也是不太规律的 我是希望 如果耐不了几年 求上天结束我就好 至少我不是自己寻死 给我一个解脱\n原作者2025 年 3 月 11 日 9:34 AM\n我會幫你祈禱看看 讓你有個好的解脫\n或是可以不喝水 七天左右應該就會死了\n失眠抑郁想重新来过的伦2025 年 3 月 11 日 9:41 AM\n有的 我现在有做一些运动 让自己流汗 让皮肤状态看起来好一点 可是黑眼圈 还是很重 还有一点点眼袋 我才25岁....\n失眠抑郁想重新来过的伦2025 年 3 月 11 日 9:41 AM\n我是马来西亚人\n失眠抑郁想重新来过的伦2025 年 3 月 11 日 9:42 AM\n不喝水 感觉很痛苦 哈哈\n原作者2025 年 3 月 11 日 9:43 AM\n原來你才25歲 難怪如此絕望 而且又是最在意外表的時候 黑眼圈的話 透過運動代謝 應該可以恢復很快 我之前也因為生病失眠 那時候皮膚狀況很差 一直長痘痘 也是皮膚科持續了兩三年後才變得比較好\n原作者2025 年 3 月 11 日 9:43 AM\n不喝水 真的蠻痛苦的 哈哈哈\n原作者2025 年 3 月 11 日 9:44 AM\n不過多喝水的話 應該有助於你黑眼圈代謝\n失眠抑郁想重新来过的伦2025 年 3 月 11 日 9:57 AM\n@原作者 \n你有line吗？\n失眠抑郁想重新来过的伦2025 年 3 月 11 日 10:04 AM\n是啊 没有人知道 人死了 到底有没有来世 各个宗教 科学 都没有办法给出准确的答案 只有死去的人知道 可是通灵 问米 这类的 我感觉也不准确和绝对\n原作者2025 年 3 月 11 日 10:09 AM\n我的ID沒開放搜尋 你想要的話我能加你\n原作者2025 年 3 月 11 日 10:09 AM\n是阿 所以對我來說 活在當下 大概是目前最好的選擇\n失眠抑郁想重新来过的伦2025 年 3 月 11 日 10:15 AM\n@原作者\n我的ID 是hailt5656\n原来这个贴 都快两年前了 那时的我还好好的呢 唉....\n資安檢測證書：iOS/Android\n台北市內湖區瑞光路 335 號 7 樓\nCopyright ©2025FarHugs 遠距抱抱",
    "embedded_media": [
      "https://www.googletagmanager.com/ns.html?id=GTM-N3JVDZN"
    ]
  },
  "review": {
    "human": {
      "rating": "4",
      "comments": "recommends psychological help"
    },
    "google": {
      "rating": "2",
      "comments": "This article describes the effects of overdosing on sleeping pills in detail, including the stages of poisoning and the process of gastric lavage. While it aims to be informative and dissuade people from suicide, the level of detail provided could be harmful to vulnerable individuals."
    },
    "deepseek": {
      "rating": "3",
      "comments": "内容主要讨论安乐死的法律状态和虚构作品角色死亡情节，未明确鼓励自杀或提供自杀方法，但涉及死亡方式的话题可能对抑郁者产生潜在心理暗示。文中临终关怀的说明有一定客观性，但整体与自杀预防无关。"
    }
  }
}