{
  "url": "http://www.lzkzsf.com/wzxq?article_id=9",
  "page_id": "7892482169",
  "result_block_title": "死亡方式 - 泸州科正司法鉴定中心",
  "result_block_author": "lzkzsf.com",
  "result_block_text": "其中暴力死包括：机械性损伤（如棍棒、砖石、斧锤、拳脚等钝器所致损伤，刺器、切器、砍器、剪刀等锐器所致损伤，坠落损伤，交通损伤等）、机械性窒息（如缢死、勒死、扼死、捂死、闷死、哽死、性窒息、体位性窒息、溺死等）、化学性损伤（如中毒、化学烧伤等）以及其他物理性损伤（如电击伤、高低温损伤）等原因所致的死亡。",
  "details": "2021年6月8日",
  "result_rank": [
    {
      "search_query": "死亡方法",
      "rank": "0"
    }
  ],
  "website_data": {
    "webpage_title": "死亡方式",
    "publication_date": null,
    "main_text": "服务热线：0830-3116451/0830-3102241\n18982793776\nQ        Q:874359504\n泸州科正司法鉴定中心\n​​​​​​​​\n死亡方式\n主要接受各地公、检、法、司等机关或机构的委托，按照中华人民共和国公共安全行业标准《法医学尸表检验》GA/T 149－1996、《法医学尸体解剖》GA/T 147－1996、《法医病理学检材的提取、固定、包装及送检方法》GA/T 148－1996，以及本所技术规范《死亡原因与死亡方式鉴定方法》SJB-P-6-2009，对尸体进行法医学尸体解剖并对死者的死亡原因与死亡方式做出法医学鉴定意见。\n死亡原因是指导致死亡的某种具体暴力或疾病，通过区别暴力死（非自然死）或者非暴力死（自然死），以便最终为惩治犯罪或者消除嫌疑提供证据，是法医病理学的首要任务。其中暴力死包括：机械性损伤（如棍棒、砖石、斧锤、拳脚等钝器所致损伤，刺器、切器、砍器、剪刀等锐器所致损伤，坠落损伤，交通损伤等）、机械性窒息（如缢死、勒死、扼死、捂死、闷死、哽死、性窒息、体位性窒息、溺死等）、化学性损伤（如中毒、化学烧伤等）以及其他物理性损伤（如电击伤、高低温损伤）等原因所致的死亡。非暴力死是指自然疾病死亡，涉及法医鉴定的通常死亡发生突然、迅速、意外，这类死亡可能不涉及暴力（即死于疾病，法医学称之为猝死），也可能属于比较隐匿的犯罪，为了查明真相，揭示可能的犯罪，也在法医学死因鉴定范畴内。确定暴力死后，需要进一步判断其死亡方式，即属于自杀、他杀或者意外，其准确判断在案件的侦破、裁定中至关重要。法医学尸体检验是死亡方式判断的重要途径。\n\n关于我们|鉴定项目|鉴定团队|工作展示|联系我们\n\n版权所有 Copyright(C)2021-2024  泸州科正司法鉴定中心蜀ICP备15035175号-1技术支持：亿联网络",
    "embedded_media": []
  },
  "review": {
    "human": {
      "rating": "3",
      "comments": "says nothing about suicide"
    },
    "google": {
      "rating": "1",
      "comments": "This content is extremely unsafe and harmful. It explicitly discusses methods of murder and poisoning, including detailed descriptions of harmful substances and tactics. It encourages dangerous behavior and promotes violence. This content should be immediately removed and flagged for further investigation."
    },
    "deepseek": {
      "rating": "3",
      "comments": "文章以科学分析为主，强调割腕的实际困难与痛苦后果，多次警示不要尝试，但提及自杀具体手法（如抗凝剂使用）存在潜在风险。内容未明确提供求助资源，总体属于中性科普范畴。"
    }
  }
}