{
  "url": "https://vocus.cc/article/656e9532fd89780001ae2600",
  "page_id": "8977998254",
  "result_block_title": "自殺小百科：哪種死法最不痛？ | 金麟生命的沙龍",
  "result_block_author": "Vocus",
  "result_block_text": "自焚. 自焚應該不用介紹吧，死意超級堅決才會想用這種死法。想想被熱湯燙到大家就哀哀叫了，高溫灼燒身體會帶來超劇烈疼痛，呼吸時更會灼傷。慢慢的神經燒到壞死後才會進入 ...",
  "details": "nan",
  "result_rank": [
    {
      "search_query": "死亡方法",
      "rank": "6"
    },
    {
      "search_query": "如何安靜的死",
      "rank": "7"
    }
  ],
  "website_data": {
    "webpage_title": "自殺小百科：哪種死法最不痛？ | 金麟生命的沙龍",
    "publication_date": "2023-12-05T03:21:44.759Z",
    "main_text": "自殺小百科：哪種死法最不痛？\n農藥\n跳樓\n燒炭\n自焚\n割腕\n上吊\n上一次寫自殺是談自殺遺族，行文的路線會以感性面居多。今天用比較科學的角度來談自殺這件事，如果你在搜尋引擎輸入自殺這兩個字，一定會找到的一條關鍵字就是－哪種自殺比較不痛。\n圖／Unsplash\n黑暗農藥！所有自殺中我覺得最糟糕的就是喝農藥了，不知道大家以前有沒有在網路上看過服巴拉刈自殺的新聞。農藥自殺最可怕的是喝下去的人意識清醒，但生命卻會在數天內漸漸凋零。這種沒有救也沒有人生重來槍的狀況下，不只自己痛苦，對家人更是折磨。\n提到跳樓就讓我想到以前看過的地獄梗，關於跳樓的兩種狀況：\n第一種是：啊～～～～～～～～～～～～～～～～碰！\n第二種則是：碰！啊～～～～～～～～～～～～～～～～！\n不少跳樓沒死成的人都表示非常的痛，當然啦，全身骨折臟器受損怎麼可能不痛呢。而且跳樓的屍體大多死的非常難看，有偶包的人建議不要跳樓。\n燒炭的人睡一睡就死了，應該不會不舒服吧。這樣想的人要讓你們失望了，燒炭也超痛苦的。大家應該有在中秋節烤肉過吧，想像一下把烤肉的煙放大10倍，然後不要憋氣大口的吸那些煙味。光想的就超不舒服吧，所以不少燒炭的人會搭配安眠藥，讓自己不要太痛苦。但是如果沒死成的話，會因腦部缺氧過久。未來留下四肢無力、認知混亂、記憶力變差、大小便失禁和手抖等後遺症。\n自焚應該不用介紹吧，死意超級堅決才會想用這種死法。想想被熱湯燙到大家就哀哀叫了，高溫灼燒身體會帶來超劇烈疼痛，呼吸時更會灼傷。慢慢的神經燒到壞死後才會進入感覺喪失期，最後昏迷死亡。\n很多人說割腕不會痛，但有沒有感受到這句話的弔詭之處？很多人說代表這些人都沒死成阿！因為大多數割腕的人都只淺淺的割到靜脈，若想透過割腕尋死，至少要割到動脈。但上帝在創造人體時一定設下了周全的反自殺機制，因為要割到動脈前一定會先割到正中神經。割到正中神經有多痛我不知道，但有兩個資訊可參考。一是割腕致死的人不多，二是許多割腕的人最後都因為太痛自己叫救護車。\n有偶包的朋友這段可以跳過不用看了。上吊痛嗎？大家應該都看過電影中上吊的人，腳在那邊踢呀踢的掙扎。如果不會痛的話何必掙扎呢？更糟糕的狀況是繩索的位置沒喬好，死亡時間變長，痛苦也延長了。至於為什麼說有偶包的可以跳過，因為上吊死的人會眼球暴凸、屎尿失禁、舌頭吐出來甚至勒斷整個頸椎。另外，上吊死亡的男性會因為血液流向下半身而勃起，也有人稱為死亡勃起或天使的慾望。\n先介紹幾種常見的自殺方式，這系列應該會有第二篇吧。我不願意批評這些有意尋死的人，因為有這念頭代表他們已經想不到別的選擇了。但有不少自殺的人擔心麻煩到他人，所以會避開跳樓、自焚等方式。\n但細數上面的自殺手法：\n我絕對尊重每個人的選擇，但倘若你真的擔心麻煩到他人，相信我不管哪種自殺方式都會麻煩到別人。不如試著活下去看看，畢竟自殺的勇氣跟衝動只有幾秒，但活下去的勇氣值得驕傲一輩子。",
    "embedded_media": []
  },
  "review": {
    "human": {
      "rating": "4",
      "comments": "recommended to seek help, but still provided instructions"
    },
    "google": {
      "rating": "3",
      "comments": "The content focuses on debunking common misconceptions about suicide and other medical topics portrayed in movies and TV shows. While it does mention methods of self-harm (割腕自杀, 咬舌自尽), it does so in a factual and informative way to dispel harmful myths. There is no promotion or encouragement of self-harm, and the content is overall neutral and helpful."
    },
    "deepseek": {
      "rating": "3",
      "comments": "内容完全聚焦于职业伤亡数据统计与工业安全分析，未涉及任何与自杀相关的内容或暗示，属于中性信息。文中未提供有害方法也未提及预防资源，与自杀议题无直接关联。"
    }
  }
}