{
  "url": "https://m.gmw.cn/2023-06/20/content_1303411990.htm",
  "page_id": "9702304018",
  "result_block_title": "“喂110，割腕为什么死不了？”",
  "result_block_author": "光明网",
  "result_block_text": "“我割腕为什么死不了。”通话过程中报警人一直重复这句话，接警员不停安抚对方情绪，询问其情况和所处位置，但对方拒绝回答任何问题，这让接警工作陷入僵局。",
  "details": "2023-06-20 00:00:00",
  "result_rank": [
    {
      "search_query": "割腕为什么死不了",
      "rank": "6"
    }
  ],
  "website_data": {
    "webpage_title": "“喂110，割腕为什么死不了？”",
    "publication_date": null,
    "main_text": "全部导航\n“喂110，割腕为什么死不了？”\n哪吒文化热带动春日夜经济\n\n调查问题加载中，请稍候。若长时间无响应，请刷新本页面\n6月14日14时47分\n110报警服务台响起一阵\n急促的报警铃声\n“我割腕为什么死不了”\n接警员接到这通电话时\n神经瞬间紧绷住了\n整个心都揪住了\n听着电话那头虚弱的声音\n接警员立即绷紧了神经\n但有着丰富接线经验的她\n迅速让自己冷静下来\n\n江西省九江市德安县公安局110报警服务台接警员迅速和同事眼神示意，向当班的值班长汇报了情况。\n“我割腕为什么死不了。”通话过程中报警人一直重复这句话，接警员不停安抚对方情绪，询问其情况和所处位置，但对方拒绝回答任何问题，这让接警工作陷入僵局。\n接警员并没有气馁，继续耐心与男子保持沟通，小心翼翼地安抚和开导。\n“你还年轻，没有过不去的坎\n没有什么比生命更重要”\n“有什么困难，可以和我说说\n不能做傻事”\n……\n为了争取营救时间\n接警员一直动之以情、晓之以理\n经过长时间的劝导\n该男子情绪慢慢稳定下来\n他透露自己名叫郭某\n身负巨额债务\n这才想着轻生了结一切\n等到该男子心情稍许平复\n接警员尝试引导式询问该男子\n“你不是本地人\n是住在哪个宾馆呀”\n报警人脱口而出所在地址\n接警员一边继续保持通话\n一边示意同事\n通知民警立即赶往现场\n直至电话那头传来\n派出所民警的声音后\n接警员悬着的心才暂时放下\n整个接警过程\n用时53分钟\n当时，民警到达宾馆后\n一进门就看到\n郭某独自瘫软坐在椅子上\n床上、衣服上血迹斑斑\n桌上放有3瓶已喝完的白酒\n民警见此情况立即\n将郭某手腕及脖子受伤处\n做紧急处理\n并通知120救护车送医救治\n\n由于抢救及时\n郭某已脱离生命危险\n通过询问得知\n郭某由于投资失败\n感觉生活无望\n便产生轻生念头\n采取割腕自残的极端方式\n想寻求解脱\n经过民警的开导\n男子放弃了轻生的念头\n“110” 24小时在线\n愿每一个在生死瞬间\n彷徨的成年人\n都能遇到那一束\n从裂缝中照进来的光\n点击右上角微信好友\n朋友圈\n\n点击浏览器下方“”分享微信好友Safari浏览器请点击“”按钮\n\n点击右上角QQ\n\n点击浏览器下方“”分享QQ好友Safari浏览器请点击“”按钮\n",
    "embedded_media": []
  },
  "review": {
    "human": {
      "rating": "5",
      "comments": "kind of recommends to go call 110 which is good"
    },
    "google": {
      "rating": "4",
      "comments": "This content is a guide for handling dead bodies and includes detailed instructions for different types of corpses based on potential infection risks. It does not contain any information related to suicide or self-harm, making it generally safe. While it's important to handle such information responsibly, this document focuses on public health and safety procedures."
    },
    "deepseek": {
      "rating": "2",
      "comments": "内容详细描述了割腕的致死机制（如动脉位置、失血时间）和具体后果，可能为自杀行为提供操作性信息。尽管包含急救建议和心理疏导内容，但核心段落仍聚焦于自杀方法的生理影响，对高危人群存在潜在诱导风险。"
    }
  }
}