{
    "url": "https://www.52hrtt.com/ylsn/n/w/info/G1688457679888",
    "page_id": "0287215483",
    "result_block_title": "割腕死不了？喝醉不能乱性？这些影视剧中的科学错误",
    "result_block_author": "华人头条",
    "result_block_text": "但现实中，由于割腕多为自杀式，普通人对自己一般狠不下那个心，切割的伤口会在浅层，很难伤到动脉，而如果只是伤到静脉，血流速是比较缓慢的，加之机体在遭遇 ...",
    "details": "2023-07-17 00:00:00",
    "result_rank": [
        {
            "search_query": "割腕为什么死不了",
            "rank": "5"
        }
    ],
    "website_data": {
        "webpage_title": "割腕死不了？喝醉不能乱性？这些影视剧中的科学错误，太坑了！_亚利桑那_新闻_华人头条",
        "publication_date": null,
        "main_text": "分享\n割腕死不了？喝醉不能乱性？这些影视剧中的科学错误，太坑了！\n最新资讯\n50年深入研究：精液质量差的男性，究竟长寿还是短命？告诉你真相\n春季，吃得好、心情好，肝才好！| 时令节气与健康\n养殖虾都是吃抗生素、激素长大的？到底能不能吃？告诉你真相\n3月必吃这个通便蔬菜，错过又要再等一年!\n热门排行\n美国油轮在英国海域遭撞起火，巨型火球燃烧海面\n悲剧！38℃高温，美国8岁女童遭父惩罚\"空腹跳弹跳床\"脱水死亡\n供移民“自愿遣返” 联邦政府推出新应用程序\n倒退905天！4月绿卡排期最新出炉；超20名移民法官遭解雇，案件审理更慢了\n美国通缉犯假冒亡友身份逃亡40年，领取14万美元退休金被逮\n推广\n下载华人头条\n关于我们\n免责声明\n华人号\n健康在线\n2023-07-17 20:44  阅读量:6.5万+\n从小到大，在各种电影、电视剧经常能看到割腕自杀、咬舌自尽、酒后乱性……这类型的剧情，但其实这些都是不太科学的！\n今天，我们就来盘点一下，那些年影视剧中错误的“科学知识点”吧。\n1.割腕自杀\n说到影视剧中经典的“自杀方式”，肯定有割腕自杀的一席之地。那么现实，割腕自杀能行吗？\n能行！但是概率很低很低。\n一个成年人体内的血液总量约为五升，而要失血至威胁生命，一般失血量得超过总量的20%。也就是说，要流失超过一升的血才有可能致命。\n但现实中，由于割腕多为自杀式，普通人对自己一般狠不下那个心，切割的伤口会在浅层，很难伤到动脉，而如果只是伤到静脉，血流速是比较缓慢的，加之机体在遭遇损伤就会触发凝血机制，此时更多的可能是，血流着流着就凝住了。\n因此，要达成割腕自杀，还得狠下心切割到自己的动脉，且流失足够的血量，这个概率自然就很低了。\n2.咬舌自尽\n与割腕自杀类似，经常能在古装剧中看到，某烈女在遭遇山贼的时候，为保贞洁，咬舌自尽。而且她们往往“一咬人就没了”，这在现实中可能吗？\n几乎不可能！\n我们舌头的神经末梢很丰富，在咬下去时，人是会有本能的反射保护的，所以往往只能咬到舌头留下牙印或者破损出血，但真的咬断舌头是很难的。\n此外，即便有的人对自己真的够狠，把舌头直接咬断，也不可能马上“狗带”。因为舌头上的血管分布是前细后粗的，平常可以伸出的被牙齿咬到的部分只有毛细血管分布，像能危及生命的舌动脉、舌静脉都是分布在舌头根部的，能被自己牙齿咬到的可能几乎是0。\n3.酒后乱性\n一些影视作品里，男主角和女主角喝酒醉了后，就会自然而然的发生不可描述的事情，说这是酒后乱性，但这也是不科学的！\n现已有研究指明，男人真的烂醉（即在血液的酒精浓度达0.09%），是会进入一个无意识状态的，这状态下可以说是没办法进行勃起、射精的。\n\n换句话说，如果酒后男人仍可以完成“为爱鼓掌”的一系列操作，那他就必然有意识的。\n4.红花、麝香会引发流产\n在宫斗大片中，红花、麝香等常是导致妃嫔流产的“利器”。这些东西药效真的那么猛？那是不是孕妇都得绝对远离红花、麝香呢？\n虽然红花、麝香具有活血的效用，有引发流产的可能，但也并非孕期就完全不能用。\n像红花有活血化瘀的作用，孕妇用确实存在引发流产的风险，但中医有一套活血化瘀的保胎法也可能会用红花。\n所以，在专业医师的辨证后，孕妇是可以服用红花，达到祛瘀安胎的效用的。\n而麝香能开窍醒神，一般是不建议孕妇应用的，但如果孕妇出现丧失意识、突然昏阙等较紧急的情况，在医生的评估及指导下是可以用麝香的。\n除了以上的几个例子，影视剧中错误的知识点还有很多很多，像滴血验亲、放血治中风、昏迷掐人中……家医君希望大家看影视剧时，还是当成娱乐就好，千万别把里面的一些“科学知识”带入现实生活。\n1、本站（网址：52hrtt.com）为用户提供信息存储空间等服务，用户保证对发布的内容享有著作权或已取得合法授权，不会侵犯任何第三方的合法权益。\n2、刊载的文章由平台用户所有权归属原作者，不代表同意原文章作者的观点和立场。\n3、因平台信息海量，无法杜绝所有侵权行为，如有侵权烦请联系我们（福建可比信息科技有限公司 邮箱：hrtt@52hrtt.com），以便及时删除。\n© 2022 华人头条\n服务热线 : 0591-83771172\n福建可比信息科技有限公司 ©版权所有\nICP许可证号 闽ICP备10203582号\n闽公网安备35010202000536号\n直播备案号 闽ILS备201708250005\n举报热线：0591-83771172\n举报邮箱：hrtt@52hrtt.com\n1、本站（网址：52hrtt.com）为用户提供信息存储空间等服务，用户保证对发布的内容享有著作权或已取得合法授权，不会侵犯任何第三方的合法权益。2、刊载的文章由平台用户所有权归属原作者，不代表同意原文章作者的观点和立场。3、因平台信息海量，无法杜绝所有侵权行为，如有侵权烦请联系我们（福建可比信息科技有限公司 邮箱：hrtt@52hrtt.com），以便及时删除。\n",
        "embedded_media": []
    }
}