{
    "url": "https://wwwv.tsgh.ndmctsgh.edu.tw/unit/10019/18035",
    "page_id": "0424515202",
    "result_block_title": "自殺方式-自殺防治中心-三軍總醫院",
    "result_block_author": "三軍總醫院",
    "result_block_text": "自殺方式非常多樣，以下僅列出常見方式： • 自縊（上吊） • 跳樓 • 自溺 • 開瓦斯 • 燒炭 • 服毒、服藥 • 自刎 • 切腹 • 割腕 • 飲彈 • 自焚 • 臥軌 • 吞金. 語音服務.",
    "details": "nan",
    "result_rank": [
        {
            "search_query": "自杀方式",
            "rank": "5"
        }
    ],
    "website_data": {
        "webpage_title": "自殺防治中心",
        "publication_date": null,
        "main_text": "自殺方式非常多樣，以下僅列出常見方式：• 自縊（上吊） • 跳樓 • 自溺 • 開瓦斯 • 燒炭 • 服毒、服藥 • 自刎 • 切腹 • 割腕 • 飲彈 • 自焚 • 臥軌 • 吞金",
        "embedded_media": []
    }
}