{
    "url": "https://wwwv.tsgh.ndmctsgh.edu.tw/unit/10019/18035",
    "page_id": "0424515202",
    "result_block_title": "自殺方式-自殺防治中心-三軍總醫院",
    "result_block_author": "三軍總醫院",
    "result_block_text": "自殺方式非常多樣，以下僅列出常見方式： • 自縊（上吊） • 跳樓 • 自溺 • 開瓦斯 • 燒炭 • 服毒、服藥 • 自刎 • 切腹 • 割腕 • 飲彈 • 自焚 • 臥軌 • 吞金. 語音服務.",
    "details": "nan",
    "result_rank": [
        {
            "search_query": "自杀方式",
            "rank": "5"
        }
    ],
    "website_data": {
        "webpage_title": "Attention Required! | Cloudflare",
        "publication_date": null,
        "main_text": "Sorry, you have been blocked\nYou are unable to accessndmctsgh.edu.tw\nWhy have I been blocked?\nWhat can I do to resolve this?\nThis website is using a security service to protect itself from online attacks. The action you just performed triggered the security solution. There are several actions that could trigger this block including submitting a certain word or phrase, a SQL command or malformed data.\nYou can email the site owner to let them know you were blocked. Please include what you were doing when this page came up and the Cloudflare Ray ID found at the bottom of this page.\nCloudflare Ray ID:921d8af86b09a9cb•Your IP:Click to reveal35.194.158.168•Performance & security byCloudflare",
        "embedded_media": []
    }
}