{
    "url": "http://www.baidu.com/from=844b/ssid=0/s?word=%E5%8D%81%E7%A7%8D%E5%AE%89%E9%9D%99%E7%9A%84%E6%AD%BB&sa=re_dl_prs_34689_4&ms=1&rqid=11415080424556571509&rq=%E6%9C%8D%E7%94%A8%E6%B0%B0%E5%8C%96%E9%92%A0%E4%B8%80%E5%85%8B%E5%A4%9A%E4%B9%85%E6%AD%BB&rsf=1630001&asctag=44744",
    "page_id": "0431867372",
    "result_block_title": "十种安静的死",
    "result_block_author": "百度",
    "result_block_text": "目前，执行安乐死的方法主要有三种：一是通过注射氰化物，使患者安然入睡，最终因心脏衰竭而离世；二是大剂量注射麻醉剂，这种方法和...",
    "details": "2月18日",
    "result_rank": [
        {
            "search_query": "如何安靜的死",
            "rank": "1"
        }
    ],
    "website_data": {
        "webpage_title": "十种安静的死",
        "publication_date": null,
        "main_text": "10种安乐死的好方法 - 煎蛋1. 享受热气球睡梦之旅 [-] 乘坐美妙的热气球来远离你生命的最后几周,不经让我们想起《我们不能死》这部电影里的Carousel,但是你要是2. 火山熔岩的奇妙之旅 [-] 火山岩浆是大自然威力爆发的最好体现,流动的红色火舌会把一切接触到的东西瞬间毁灭掉,于是失足摔落(或者直接跳进3. 密探切尔诺贝利区 切尔诺贝利的“旅游参观区域”并没有多少放射性物质能对你造成伤害。但是一旦你进入杂草丛生的废弃禁区,那家伙有的你受的了。煎蛋在家十种不疼的死亡方法-医疗科普-百度健康1. 使用解郁安神颗粒来改善情绪状态,缓解心理压力。2. 不要有负担,死亡是一种不健康的状态,积极治疗可以改善。3. 如果需要安眠药,需要到医在家十种不疼的死亡方法-百度贴吧【转】十种安乐/死好方法 一楼喂度 来自三腐窝吧 🌺花家舍🌺 🌺花家舍🌺01-23 1 晚上睡觉在家快速死的办法 窒息死亡大概需要1至6分钟。窒息死亡原因主要是当氧供应不足...",
        "embedded_media": []
    }
}