{
    "url": "http://www.baidu.com/from=844b/ssid=0/s?word=%E5%8D%81%E7%A7%8D%E5%AE%89%E9%9D%99%E7%9A%84%E6%AD%BB&sa=re_dl_prs_34689_4&ms=1&rqid=11415080424556571509&rq=%E6%9C%8D%E7%94%A8%E6%B0%B0%E5%8C%96%E9%92%A0%E4%B8%80%E5%85%8B%E5%A4%9A%E4%B9%85%E6%AD%BB&rsf=1630001&asctag=44744",
    "page_id": "0431867372",
    "result_block_title": "十种安静的死",
    "result_block_author": "百度",
    "result_block_text": "目前，执行安乐死的方法主要有三种：一是通过注射氰化物，使患者安然入睡，最终因心脏衰竭而离世；二是大剂量注射麻醉剂，这种方法和...",
    "details": "2月18日",
    "result_rank": [
        {
            "search_query": "如何安靜的死",
            "rank": "1"
        }
    ],
    "website_data": {
        "webpage_title": "ÂçÅÁßçÂÆâÈùôÁöÑÊ≠ª - ÁôæÂ∫¶",
        "publication_date": null,
        "main_text": "‰∏çÁñºÁöÑÊñπÊ≥ï‰ΩÜÊòØÊïô‰Ω†Ëá™ÊùÄË¶ÅÂ•ΩÂ•ΩÁöÑÊ¥ª‰∏ãÂéªÈÉΩÁúãÂà∞Ëøô‰∫ÜÂ∏åÊúõËøôÊúüËßÜÈ¢ëÂèØ‰ª•ÁÇπ‰∏™ËµûÂíåÂÖ≥Ê≥®ÂêóËá™ÊùÄ‰∏çÁñºÁöÑÊñπÊ≥ïÂÇªÁìúÊàëÈ™ó‰∫Ü‰Ω†‰ª¨ÂèØ‰ª•Â∏ÆÂä©Âà∞‰Ω†‰Ω†Êó¢ÁÑ∂ÊÄïÁñºÊÄé‰πàÂèØËÉΩ‰ºöÊúâ‰Ω†‰ª¨Ë¶Å‰øùÊä§Â•ΩËá™Â∑±‰Ω†ËøòÁúüÁÇπËøõÊù•‰∫ÜÂØπ‰∏çËµ∑Âπ≤ÂòõËøòË¶ÅËá™ËÆ®Ëã¶ÂêÉ‰Ω†ÁÇπËøõÊù•‰∫Ü\nÂàë‰æ¶Áü•ËØÜ-ÂçÅÁßç‰∏ç‰ºöÁóõÁöÑÊ≠ª‰∫°  ÊéåÊè°Âàë‰æ¶Áü•ËØÜ,‰∫ÜËß£ÂçÅÁßçÊó†ÁóõËã¶ÁöÑÊ≠ª‰∫°ÊñπÂºè„ÄÇËøô‰∫õÈùûËá™ÁÑ∂ÁöÑÊ≠ª‰∫°ÊÉÖÂÜµÂèØËÉΩÂú®ÁäØÁΩ™Ë∞ÉÊü•‰∏≠ÈÅáÂà∞\nÂàë‰æ¶Â∞èÁü•ËØÜÂàÜ‰∫´|ÂçÅÁßç‰∏ç‰ºöÁñºÁöÑÊ≠ª‰∫°\nüåô ÂçÅÁßçÂÆâÈùôÁöÑÊ≠ª‰∫°ÊñπÂºè üåô\nÂú®ÂÆ∂ÂçÅÁßç‰∏çÁñºÁöÑÊ≠ª‰∫°ÊñπÊ≥ï-ÁôæÂ∫¶Ë¥¥Âêß\nÊúÄÁÆÄÂçïËÄå‰∏çÁñºÁöÑÊ≠ª‰∫°ÊñπÊ≥ï_ÁôæÂ∫¶Ë¥¥Âêß\nÊúÄËΩªÊùæÁöÑÊ≠ª‰∫°ÊñπÊ≥ïÊúâÂì™‰∫õ?\nÂÆâ‰πêÊ≠ª-  ÁôæÂ∫¶ÁôæÁßë\nÂÆâ‰πêÊ≠ªÔºàeuthanasiaÔºâÂá∫Ëá™Â∏åËÖäÊñáEuthanasiaÔºåÂÖ∂ÂéüÊÑèÊòØÊåáËàíÈÄÇÊàñÊó†ÁóõËã¶Âú∞Ê≠ª‰∫°„ÄÅÂÆâÁÑ∂Âéª‰∏ñ„ÄÇÂ≠¶ÁïåÂÖ≥‰∫éÁé∞‰ª£ÂÆâ‰πêÊ≠ªÁöÑÂÖ±ÂêåÁÇπÂåÖÊã¨ÁóÖ‰∫∫ËÇâ‰Ωì„ÄÅÁ≤æÁ•û‰∏äÊâøÂèóÁùÄÈöæ‰ª•ÂøçÂèóÁöÑ„ÄÅÊûÅÁ´ØÁöÑÁóÖÁóõÊäòÁ£®‰∏î‰∏¥ËøëÊ≠ª‰∫°ÔºõÁóÖ‰∫∫Ëá™Â∑±‰∏ªÂä®Ë¶ÅÊ±ÇÊàñÂêåÊÑèÂä†ÈÄüÊ≠ª‰∫°ÔºõÁóÖ‰∫∫ÂÖ∑Â§áÂåªÁñóËá™ÂÜ≥ËÉΩÂäõÔºõËÉΩÂ§üÊ≠£Á°ÆËÆ§ËØÜ‰∏îÊé•ÂèóËØ•ÂåªÁñóÊé™ÊñΩÊâÄËá¥ÂêéÊûúÔºõÈÉ®ÂàÜÊòéÁ°ÆËßÑÂÆöÁî±ÂåªÁîüÂÆûÊñΩ„ÄÇÂÆâ‰πêÊ≠ªËµ∑Ê∫ê‰∫éÂè≤ÂâçÊó∂‰ª£ÔºåÊ∏∏ÁâßÈÉ®ËêΩÂ∏∏ÊääÁóÖ‰∫∫„ÄÅËÄÅ‰∫∫Áî®ÂéüÂßãÁöÑÂäûÊ≥ïÂä†ÈÄü‰ªñ‰ª¨ÁöÑÊ≠ª‰∫°ÔºåÂèëÁîüÊàò‰∫ãÊó∂Â∞ÜÂÖ∂ÂáªÊØô„ÄÇ17‰∏ñÁ∫™ÔºåÂÆâ‰πêÊ≠ªË¢´ËßÜ‰∏∫ÂåªÂ≠¶È¢ÜÂüü‰∏≠ËÆ©ÁóÖ‰∫∫Ê≠ª‰∫°ÊàñÂä†ÈÄüÊ≠ª‰∫°ÁöÑ‰∏ÄÈ°πÊäÄÊúØ„ÄÇÁé∞‰ª£ÊÑè‰πâ‰∏äÁöÑÂÆâ‰πêÊ≠ªÊòØ‰ªé19‰∏ñÁ∫™ÂºÄÂßãÁöÑ„ÄÇ‰ªé20‰∏ñÁ∫™60Ëá≥70Âπ¥‰ª£Ëµ∑Ôºå‰∫∫‰ª¨ÂØπÂÆâ‰πêÊ≠ªÊåÅËµûÂêåÊÄÅÂ∫¶ÁöÑÁôæÂàÜÊØî‰∏çÊñ≠Âëà‰∏äÂçáË∂ãÂäø„ÄÇ1976Âπ¥ÔºåÁæé„ÄÅËã±„ÄÅÊó•Á≠âÂõΩÂú®Á¨¨‰∏ÄÊ¨°ÂõΩÈôÖÂÆâ‰πêÊ≠ª‰ºöËÆÆ‰∏äÁ≠æÁΩ≤‰∫Ü‰∏ú‰∫¨ÂÆ£Ë®ÄÔºåÈöèÂêéÂ§öÂõΩÂõΩÂá∫Áé∞Ëá™ÊÑøÂÆâ‰πêÊ≠ªÂçè‰ºö„ÄÇ1980Âπ¥Ôºå‰∏ñÁïåÊ≠ª‰∫°ÊùÉÂà©Âçè‰ºöËÅîÂêà‰ºöÊàêÁ´ã„ÄÇ1993Âπ¥ÔºåËç∑ÂÖ∞Âá∫Âè∞ÂÆâ‰πêÊ≠ªÁõ∏ÂÖ≥Êé™ÊñΩ„ÄÇ2017Âπ¥ÔºåÊæ≥Â§ßÂà©‰∫öÁª¥Â§öÂà©‰∫öÂ∑ûÈÄöËøá„ÄäËá™ÊÑøÂçèÂä©Ê≠ª‰∫°Ê≥ïÊ°à„Äã„ÄÇ2021Âπ¥ÔºåË•øÁè≠ÁâôÈÄöËøá‰∫ÜÂÆâ‰πêÊ≠ªÊ≥ïËßÑ„ÄÇ2024Âπ¥9ÊúàÔºåÂÆâ‰πêÊ≠ªËÉ∂ÂõäËà±Âú®Êú™ÁªèÊâπÂáÜÁöÑÊÉÖÂÜµ‰∏ãÈ¶ñÊ¨°Âú®ÁëûÂ£´‰ΩøÁî®Ôºå‰ΩøÁî®ËÄÖ‰∫é2ÂàÜÈíüÂÜÖÂ§±ÂéªÊÑèËØÜÔºå5ÂàÜÈíüÂêéÊ≠ª‰∫°„ÄÇÂÆâ‰πêÊ≠ª‰ªéÊâßË°åÊñπÂºèÁöÑËßíÂ∫¶Ôºå‰πüÂ∞±ÊòØÊ†πÊçÆÂåªÂ∏àÊòØÂê¶ÈááÂèñË°å‰∏∫ÔºåÂèØÂàÜ‰∏∫Ë¢´Âä®ÂÆâ‰πêÊ≠ª‰∏é‰∏ªÂä®ÂÆâ‰πêÊ≠ª„ÄÇÂÆâ‰πêÊ≠ª‰ªéÊÇ£ËÄÖÊÑèÊÑøÁöÑËßíÂ∫¶ÔºåÂèØÂàÜ‰∏∫Ëá™ÊÑøÂÆâ‰πêÊ≠ª‰∏éÈùûËá™ÊÑøÂÆâ‰πêÊ≠ª„ÄÇ‰∫∫‰ª¨ÂØπÂÆâ‰πêÊ≠ªÂ≠òÂú®‰∫âËÆÆÔºåÊîØÊåÅËÄÖËÆ§‰∏∫ÂÆâ‰πêÊ≠ª‰ΩìÁé∞‰∫ÜÂØπÁîüÂëΩÂ∞ä‰∏•ÁöÑÁª¥Êä§ÂíåÂØπÁîüÂëΩÊùÉÁöÑÂ∞äÈáçÔºåÂèØ‰ª•ÂáèËΩªÁóÖ‰∫∫ÂÆ∂Â±ûÁöÑÁ≤æÁ•ûÁóõËã¶ÂíåÁªèÊµéË¥üÊãÖÔºåÂèàÂèØ‰ª•ËäÇÁúÅÂåªÁñóËµÑÊ∫ê„ÄÇËÄåÂèçÂØπËÄÖËÆ§‰∏∫ÂÆâ‰πêÊ≠ªÊòØÈùûÊ≥ïÂâ•Â§∫‰ªñ‰∫∫ÁöÑÁîüÂëΩ„ÄÇ\n‰º†Êéà10ÁßçÂÆâ‰πêÊ≠ªÁöÑÂ•ΩÊñπÊ≥ï(ÂõæÊñáÁâà).doc - ‰∫∫‰∫∫ÊñáÂ∫ì\nÂú®ÂÆ∂ÂçÅÁßç‰∏çÁñºÁöÑÊ≠ª‰∫°ÊñπÊ≥ï-ÂåªÁñóÁßëÊôÆ-ÁôæÂ∫¶ÂÅ•Â∫∑\nÂçÅÁßçÁù°Áú†Ê≠ª‰∫°ÊñπÊ≥ï_ÁôæÂ∫¶Ë¥¥Âêß\n‰∏ã‰∏ÄÈ°µ\nÊúâ‰∫ãÊêú‰∏ÄÊêúÔºåÊ≤°‰∫ãÁúã‰∏ÄÁúã",
        "embedded_media": []
    }
}