{
    "url": "https://m.ac.qq.com/Ask/detail/aid/petuosrhgt",
    "page_id": "0523169920",
    "result_block_title": "人最舒服的死亡方法",
    "result_block_author": "腾讯动漫",
    "result_block_text": "除安乐死外，并不存在一种普遍被定义为“最舒服”的死亡方法。死亡是一个复杂的生理过程，自然死亡可能因疾病等因素的影响而伴有不同程度的痛苦。在现代医疗中，临终关怀致力于 ...",
    "details": "nan",
    "result_rank": [
        {
            "search_query": "死亡方法",
            "rank": "7"
        }
    ],
    "website_data": {
        "webpage_title": "人最舒服的死亡方法 - 腾讯动漫",
        "publication_date": null,
        "main_text": "人最舒服的死亡方法\n人最舒服的死亡方法\n热门问答\n腾讯动漫App海量正版漫画畅快看\n2024年11月13日 03:20\n“安乐死”在部分情况下被认为是一种相对平静无痛苦的死亡方式，其本意是“好死”“无痛苦的死亡”“幸福的死亡”。但安乐死在世界各国备受争议，除荷兰、比利时、美国的少数州之外，绝大部分国家没有承认其合法性，在中国也未获得合法地位。\n\n除安乐死外，并不存在一种普遍被定义为“最舒服”的死亡方法。死亡是一个复杂的生理过程，自然死亡可能因疾病等因素的影响而伴有不同程度的痛苦。在现代医疗中，临终关怀致力于减轻临终者的生理和心理痛苦，提高临终阶段的生命质量，但这并不等同于提供一种特定的“舒服的死亡方法”。\n答案问题点击举报反馈\n提到的作品\n腾讯动漫App海量正版漫画畅快看\n王权富贵是被黑狐娘娘亲手杀死的。东方月初被黑狐娘娘偷袭重伤陨落后，王权富贵为其报仇，但黑狐娘娘已从东方月初处得到虚空之泪，即便王权富贵拥有王权宝剑也不是对手，最终报仇不成反被杀害。 也有观点认为，王权...\n在相关资料中，提及夏禾在剧情后期受到重伤，最终不治身亡，但未具体说明导致其重伤不治的原因。 \n\n 原漫画《一人之下》同样精彩，点击按钮下载 App 立享精彩内容！\n在《狐妖小红娘月红篇》中，东方月初于私是为了涂山红红牺牲，于公是为了天下苍生牺牲。但关于其具体死亡片段的详细描述，现有资料未给出更多内容。 \n\n 等待电视剧的同时，也可以点击下方链接来阅读《狐妖小红娘...\n关于夏禾的死亡原因，存在多种不同的说法。一种说法是在剧情后期夏禾受到重伤，最终不治身亡；但也有说法是夏禾脱离了全性，与张灵玉一起生活，并未死亡。\n\n 原漫画《一人之下》同样精彩，点击按钮下载 App ...\n少羽即项羽，在秦时明月相关资料中，对于少羽死亡的原因有多种观点和分析。\n\n一种观点认为，少羽兵败乌江可能与他的自傲有关。\n\n从剧情发展来看，少羽的性格较为偏执，背负着复国的重任，这使得他的价值观和行为...\n目前没有确切的资料表明老天师已经死亡。\n王权富贵是被黑狐娘娘亲手杀死的。东方月初被黑狐偷袭杀死后，王权富贵为其报仇，然而黑狐娘娘已从东方月初那里得到虚空之泪，王权富贵即便拥有王权宝剑也不是对手，最终报仇不成反被杀害。 \n\n 等待电视剧的同时...\n王权无暮是被他的亲生父亲王权景行偷袭害死的。王权景行自私贪婪，不仅想做王权家主，还想做一气道盟的盟主并吞噬龙族之力，而王权无暮天赋极高且被道盟长老赞誉，这使得王权景行认为他是自己达成目的的障碍，于是对...\n如果是指在特定游戏或平台中抢小说相关资源（如抢小说碎片等），核心是把握好时间。首先在开抢前几分钟查看自己有哪些书，缺少什么，熟悉想要技能的图标。然后卡准时间，要注意是服务器时间而非电脑时间，若没有服务...\n以下是一些降序排序的方法：\n1. 在Microsoft Excel中：\n   - 方法一：在开始选项卡中找到并点击“排序和筛选”，然后在弹出的选择菜单中点击“降序”排序，在弹出排序提醒对话框时选择“扩...",
        "embedded_media": []
    }
}