{
    "url": "https://m.baidu.com/bh/m/detail/ar_7130771932829825641",
    "page_id": "0711786849",
    "result_block_title": "40片安眠药的抢救期限-医疗科普",
    "result_block_author": "百度一下",
    "result_block_text": "40片安眠药的抢救期限2小时以内最佳，超过4小时则比较危险。常用安眠药的致死量为100mg到500mg不等，一片安眠药的含量是2.5mg，40片已经超过了致死量，具有一定的危险性， ...",
    "details": "nan",
    "result_rank": [
        {
            "search_query": "安眠药致死需要多少剂量",
            "rank": "5"
        }
    ],
    "website_data": {
        "webpage_title": null,
        "publication_date": null,
        "main_text": "",
        "embedded_media": []
    }
}