{
    "url": "https://m.baidu.com/bh/m/detail/sv_7610000187857257858",
    "page_id": "0802796350",
    "result_block_title": "安眠药吃多少会危及生命",
    "result_block_author": "百度一下",
    "result_block_text": " 肯定是会致命的，这样是太危险了。在这种情况下，安眠药的最大剂量不应超过每天10片。 如果口服过多，很容易导致中枢神经系统抑制和休克。",
    "details": "2023-03-29 00:00:00",
    "result_rank": [
        {
            "search_query": "安眠药致死需要多少剂量",
            "rank": "4"
        }
    ],
    "website_data": {
        "webpage_title": null,
        "publication_date": null,
        "main_text": "",
        "embedded_media": []
    }
}