{
    "url": "https://www.163.com/dy/article/GGFK5IMO05369SE2.html",
    "page_id": "1370427530",
    "result_block_title": "“安眠药自杀”没有痛苦？吞下100片安眠药后，你的身体会 ...",
    "result_block_author": "网易",
    "result_block_text": "不过现在的安眠药药效并没有那么强，100粒不会立马致死，但也需要及时抢救，长期昏迷也会有生命危险。 如果有人及时发现你了，肯定会将你送往医院。",
    "details": "2021-08-03 00:00:00",
    "result_rank": [
        {
            "search_query": "安眠药致死需要多少剂量",
            "rank": "6"
        }
    ],
    "website_data": {
        "webpage_title": "“安眠药自杀”没有痛苦？吞下100片安眠药后，你的身体会怎么样|中毒|催吐剂_网易订阅",
        "publication_date": "2021-08-03T11:09:16+08:00",
        "main_text": "新闻\n体育\n娱乐\n财经\n汽车\n科技\n时尚\n手机/数码\n房产/家居\n教育\n“安眠药自杀”没有痛苦？吞下100片安眠药后，你的身体会怎么样\n\n315晚会揭露维修刺客啄木鸟：只开个水龙头收费100元\n江苏确定了：放假8天 免费8天\n诺丁汉：若与宁波“断交”每年将损失1亿英镑\n黑龙江一县医院月工资1750元招保安，要求“35岁以下大专以上”？回应：属实，已有三人报名\n寻子富豪给儿子送奔驰被拒 曾每天有八九个人叫他爸爸\n深圳最大儿童公园被指收费贵\n上海瑞金医院国家紧急医学中心开工建设，将于2028年竣工\n宝马：不会轻易把方向盘交给机器\n国家发改委：支持各地区因地制宜探索务实举措，加快形成促进消费增长的强大政策合力\n苹果手机通话录音强制“社死”：对方秒知，这功能谁敢用？\n浙江：支持汽车置换更新 新能源汽车最高补贴1.5万元/辆、燃油车最高补贴1.3万元/辆\n日本拟在九州率先部署远程导弹，射程约一千公里\n外媒：乌克兰议员称乌军半数损失飞机遭己方防空部队击落\n李兆基辞世 李家超哀悼\n外卖员分享“最不能点的外卖”，你吃过几种？\n国铁集团：4月1日起 60岁以上旅客乘车享票面金额15倍积分\n连续两年315道歉的公司，又道歉了！\n94.6吨食物浪费之痛——对粮食再“紧张”都不为过\n上游315｜山东梁山翻新卫生巾被曝光企业再调查：到底谁是“刘总”\n低价团购体验课 “薅羊毛”还是消费陷阱\n21独家！李斌内部讲话详解组织变革：“要把蔚来的尊严挣回来”\n东源一水域有人溺水，10多天后才找到\n“四叔”李兆基往事：创办香港两大地产巨舰，拒绝股神名号\n315后劲够大！国家重拳出击，多个大厂家被查封，胖东来赢麻了\n金赛纶生前多幅画作公开，可能带有求助信号\nKD：你季后赛可不会这样有哨子！东契奇：这辈子没见过那么大空位！\nA股：刚刚，国新办最新发声！今天明显缩量，明天还会接着涨吗？\nSkip：雷霆正在打造史上最具统治力的常规赛球队 但仍没人怕他们\n为博流量无下限！四川巴中三名网红街头拍摄低俗视频，被行政处罚！\n石家庄楼市来势汹汹，石家庄楼市新华区从1.5万调整为1.1万\n最新！俄罗斯发起空袭\n《黄雀》定档央八，秦岚郭京飞主演，编剧顶级，实力派大剧气象\n前广州恒大知名国脚刑期曝光，原本已跑路，通知领工资时被逮捕\n知名餐饮呷哺集团亏损、闭店！北京有多家\n母子乱伦26年，为了摆脱母亲的纠缠，儿子将母亲杀害并分尸\n新一集一上线，惊艳新剧飙上9.3分！\n中年女人“默许发生关系”，往往会用以下“行为”来表示，很准\n神仙打架王哲林当卧底！布朗49分一战封神，广厦复仇上海锁定第一\n一锤定音！这下，李嘉诚家族恐怕玩完了\n国家电网副总经理金炜履新航天科工集团党组副书记\n8999元，华为今天曝光的新机，绝对是来捣乱的！\n买全套卡萨帝的中产，后悔了？\n北京日报｜丹麦前外交大臣：特朗普想夺取格陵兰，说明美国不信任盟友\n一家三口先后离世！再三提醒：冰箱久放3种食物，是癌症“帮凶”\n健康要闻\n痛经？不孕不育？妇科问题不再忧心\n国家喊你“管理体重”了！别小看这件事\n如何养肾护肾？专家教你这样做！\n盐吃多了危害大!教你科学减盐的9个妙招\n春节出行小药箱该如何准备？专家来教您\n头条要闻\n区政府被指拖欠代交物业费数百万 小区垃圾成堆无人管\n泽连斯基称希望能在未来重建中获中国援助 国合署表态\n媒体：李嘉诚曾大谈\"爱国\" 利字当头时其行却截然相反\n外媒：俄军在扎波罗热方向突破乌军防线\n美民主党支持率跌至历史新低 支持者：我们只看到妥协\n头条要闻\n区政府被指拖欠代交物业费数百万 小区垃圾成堆无人管\n泽连斯基称希望能在未来重建中获中国援助 国合署表态\n媒体：李嘉诚曾大谈\"爱国\" 利字当头时其行却截然相反\n外媒：俄军在扎波罗热方向突破乌军防线\n美民主党支持率跌至历史新低 支持者：我们只看到妥协\n体育要闻\n和死神擦肩而过，她用金牌拥抱 ”爱人”\n广厦击溃上海夺4连胜巩固榜首 布朗49+6洛夫顿33+23+9\n7人得分上双辽宁37分大胜吉林 赵继伟10+15张镇麟19分\n大爆冷！联赛第二山西遭倒数第一福建逆转 邹阳30+11原帅18分\nSGA31+8雷霆横扫雄鹿 哈滕24+12字母哥21+12+10\n娱乐要闻\n金秀贤曾二次发函威胁金赛纶，家属考虑起诉他\n家属公布金赛纶AI视频：向大家进行最后的告别！\n暴击金秀贤！新剧面临1800亿赔偿\n《我的阿勒泰》重播热潮，于适演技获赞\n金秀贤唆使李镇浩，发视频当天金赛纶自杀了6次\n财经要闻\nDeepseek\"利润神话\":大模型盈利何处去\n关于消费、育儿、工资、休假等，六部门重磅发声！\n咨询人数多！育儿补贴红利释放 辅助生殖企业更盼组合拳\n审计机构接任仅一个月不干了，ST新潮的年报怎么办？\n恒基地产创始人李兆基逝世 享年97岁\n科技要闻\n李开复放弃万亿大模型，靠DeepSeek赚ToB钱\n中国\"人造太阳\"加速，美国为何渐失先机？\n特斯拉突发！售价6.4万元的FSD免费！为期1个月\n今年最大的风口，找到了\n马斯克：“星舰”2026年将搭载人形机器人前往火星\n汽车要闻\n丰田宣布将推出三款全新电动车 包括一款电动皮卡\n\"2030目标\"全面提速 一汽-大众将新增11款全新车\n极限压榨，新款Model Y满电能跑多少公里？\nfirefly萤火虫配备全新样式轮圈，将于4月上市\n吉利银河E8更香了 不仅因为增加了智驾\n态度原创\n+arrTaiduYuanC[i].tag+'| '+arrTaiduYuanC[i].title+'\n数码要闻\nAYANEO Gaming Pad 与高通第三代骁龙 G3 游戏平台全球首发\nAYANEO Gaming Pad 电竞平板与高通第三代骁龙 G3 平台同步首发\nAMD在日本的GPU市场份额达到45%的顶峰 且有望再创佳绩\n99元 漫步者G1M三模鼠标上市：53g轻量化 续航112小时\n亲子要闻\n哥哥希望弟弟死，弟弟重度抑郁，现在的孩子怎么了？\n身着小熊套装的萌宝委屈大哭，“生气服务”的模样萌态十足！\n女儿泪眼汪汪撒娇，爸爸瞬间破防，满满宠溺藏不住！\n妈妈晒出双胞胎姐妹俩的差别，虽然不像，但都很漂亮！\n爸爸给叔侄俩分果冻，萌娃紧盯，急得要掀桌捍卫“果冻权”！\n教育要闻\n三四年级的奥数题，许多大学毕业的家长，都不能快速的解答出来\n温州日报作文版作文选登：吴子轩《坚持的力量》\n温州日报作文版作文选登：施依然《摸鱼》\n温州日报作文版作文选登：郑添笑《挖掘深层独特》\n难倒全班同学的一道竖式题，家长和孩子一起冥思苦想半个多小时\n痛经？不孕不育？妇科问题不再忧心\n国家喊你“管理体重”了！别小看这件事\n如何养肾护肾？专家教你这样做！\n盐吃多了危害大!教你科学减盐的9个妙招\n春节出行小药箱该如何准备？专家来教您\n旅游要闻\n速戳！深圳站进站指南，让出行更高效\n禁止飞行途中使用充电宝的航司增加了\n广州白云区偏僻花田突然走红，旁边就是机场\n从“性价比”到“心价比” 文旅消费开启新风向\n用微信扫码二维码\n分享至好友和朋友圈\n世界上存在没有痛苦的死亡方式吗？也许到风烛残年之时，能够躺在床上安详地死去，没有痛苦。但如果想不开选择自己结束生命，那么可能没有一种方式是能够让人没有痛苦的。即便是我们认为“最温和”的方式，大量吞服安眠药，但这可比你想象中的痛苦。\n\n安眠药看起来似乎并不危险，而且对于长期失眠的患者来说，能够帮助他们有效地缓解失眠、夜间烦躁、抑郁或焦虑等症状。\n但是，临床中经常使用或曾经常用的安眠药都属于精神药物，可以大致分为5大类，巴比妥盐酸类、抗组织胺、喹唑啉酮、苯二氮卓类和非苯而氮卓类。\n精神类药物的3大特点就是，服用后能够助眠，持续服用容易成瘾，服用过量会致死。\n很多人就瞅准了服用过量会致死这一点，妄图用大量安眠药来结束自己的生命。一些影视剧和小说也夸大或虚构了安眠药的效果和服用后的症状，让很多人觉得大量服用安眠药，就能够毫无痛苦地离开这个世界。安眠药的作用到底怎么样？\n\n安眠药吃多了会怎么样？\n作为二类精神药物的安眠药被严格管控着，为了避免药物滥用导致上瘾或中毒症状，常见的安眠药都需要持有医生的处方才能买得到，而且医生在开药的时候也不会一次性开很多或是很大剂量。\n如果只是偶尔失眠，医生不会建议你吃安眠药，但如果你连续失眠一周以上，就可以到医院就诊。有的医院有睡眠门诊，如果是因为焦虑症或抑郁症引起的失眠症状，可以选择神经科或精神科。\n\n安眠药每次服用的剂量不用很大，根据药物的类型，一日之内仅需要服用一粒或半粒，就可以让患者保持8小时的正常睡眠。如果患者服用安眠药时不遵医嘱，追求极速药效，一次性过多服用安眠药，就会导致中毒症状。\n中毒症状可以分为3个阶段。\n第一阶段，吃的剂量还算少，轻度中毒。患者会出现嗜睡、对周围环境的认知能力和判断能力会下降，走路开始摇晃，话讲不清楚，其他身体特征还算正常，像喝醉酒一样。\n第二阶段，一次性吃太多，中度中毒，患者已经进入轻度昏迷状态，只能通过大叫或噪音将其唤醒，但唤醒后会很快进入昏迷状态。\n第三阶段，自杀式地服下大量药物，但还未达到致死量，重度中毒，患者陷入深度昏迷，肌肉反射、呼吸、脉搏、血压都会变得异常。\n\n服下100粒安眠药，你的身体还会好吗？\n调查显示，使用安眠药自杀的人通常会通过非法渠道购入一瓶安眠药，然后整瓶吞服。常规的安眠药一瓶大概有100粒，那么如果服下100粒安眠药，你的身体会怎么样呢？\n首先，一粒药片的大小是适中的，为的是方便患者整粒吞服，但药片超过5粒，就会吞咽困难，超过10片可能就会堵塞直径仅有2~3厘米的食管。\n如果硬着头皮用水送服，那么在5分钟左右时就会进入上述的重度中毒症状，陷入深度昏迷，可能有一部分还没有被胃酸溶解。但这个时候你可能会出现呕吐的症状，有的安眠药为了确保安全会在药中加入催吐剂成分，如果没有催吐剂成分，安眠药就会一直在你的胃中溶解。\n\n但是胃酸分解任何东西都是需要时间的，在多余的药物没有被溶解的时候，它们就像一颗颗小石头一样堆积在胃里，溶解掉的药也会影响肠胃环境中的酸碱平衡，会让胃产生灼烧感，或是感觉有人在重重地捶打你腹部。\n可怕的是，这时候一部分的药已经被肠道吸收，药效已经开始发挥作用，人会非常地疲惫，只想睡觉，但胃部传来的灼烧感和想要呕吐的感觉会让你难以真正入睡，可能会狼狈地躺在床上边吐边睡。\n人在处于意识模糊的状态时，可能无法将呕吐物完全排出，呕吐物如果进入气管，阻塞呼吸道，很可能在无意识中窒息而死。\n\n如果吃到不含有催吐剂的安眠药，40分钟左右会彻底失去意识，或者休克。如果一直没有人发现你，那么100粒强效的安眠药会直接要了小命。不过现在的安眠药药效并没有那么强，100粒不会立马致死，但也需要及时抢救，长期昏迷也会有生命危险。如果有人及时发现你了，肯定会将你送往医院。\n洗胃会更加痛苦\n吞服了大量安眠药的处理手段就是洗胃。\n洗胃的痛苦只有经历过的人才知道，一般分为催吐洗胃和胃管洗胃。但催吐只适用于意识还算清醒的急性中毒患者，只需要让患者口服1000~1500毫升的洗胃液，用压舌板刺激咽部，引起呕吐，但毒素一次性是洗不完的，所以需要反复进行，直到胃里的东西全都吐出来。\n\n不过，一般情况下，服用安眠药的患者送到医院后意识就不可能是清醒的了，所以通常都是使用胃管洗胃法。\n患者在进入抢救室后，需要吸氧，建立静脉通道，检测生命体征。评估口鼻腔皮肤及黏膜有无破损、炎症，确定无洗胃禁忌后才会下医嘱。\n目前使用的基本都是电子洗胃机，会将45~55厘米的胃管插入胃内，再将5000~10000毫升的洗胃液分多次，每次300~500毫升注射进胃部，直到毒物清洗干净。一个管子在你的身体里，期间肯定是会非常难受的，想吐又不能吐。当你洗胃结束，药物在你身体中消失，但它依然会给你的身体带来一系列影响。洗胃后胃黏膜和胃的蠕动功能都会受损，再加上大量药物刺激，在醒来的一段时间内会感到胃疼，或是胃里翻江倒海。\n\n第一次下地走动时也会异常难受，据亲历者描述是天旋地转、浑身无力、头痛欲裂。不同的体质在上述的一系列过程中会呈现不同的状态，在抢救过程中，有的人会在船上手舞足蹈、有的人会大小便失禁。\n但凡是经历过服用安眠药自杀洗胃这个流程的人，都会后悔自己做的决定，整个过程无比痛苦不说，看着自己的至亲几乎哭晕在病床前，会感到愧疚。安眠药自杀不但是惩罚自己，也伤害了无辜的家人。\n珍爱生命，远离自杀\n每一场自杀事件都是影响一个家庭的悲剧。世界卫生组织调查显示，全球每年有超过70多万人死于自杀，每40秒就有一个人自杀身亡，77%的自杀发生在低收入和中底收入国家，自杀还是15~19岁青少年的第四大死因。在自杀的方式中，采用最多的方式就是喝农药、其次是上吊、然后是饮弹自尽，吞服安眠药自杀身亡的仅有一小部分。\n世卫组织的研究还称，自杀与精神障碍（抑郁症等精神疾病）之间存在很大的关系，还有很大一部分自杀事件是冲动而为，因为日常生活中经历了太大的压力无法得到有效调节、经济问题无法解决、伴侣之间关系破裂、患有慢性疾病和绝症，都会成为人们冲动自杀的原因。\n我们平常应该更加留意身边有以上状况的人，询问他们是否需要帮助，也许你小小的一句话或一个举动就能让他悬崖勒马。我们每个人也需要在出现无法自我调节的精神障碍时，及时就医寻求治疗，别轻易地结束自己的生命。生命只有一次，死亡对个人来说也许是解脱，但对至亲来说，是将他们拖向深渊的开始。\n特别声明：以上内容(如有图片或视频亦包括在内)为自媒体平台“网易号”用户上传并发布，本平台仅提供信息存储服务。\nNotice: The content above (including the pictures and videos if any) is uploaded and posted by a user of NetEase Hao, which is a social media platform and only provides information storage services.\n央视财经 2025-03-15 20:42:23\n无锡博报 2025-03-17 05:05:10\n环球时报国际 2025-03-17 08:21:43\n上游新闻 2025-03-17 12:45:25\n大象新闻 2025-03-17 09:15:13\n南方都市报 2025-03-17 07:03:26\n澎湃新闻 2025-03-17 13:30:33\n汽车商业评论 2025-03-17 14:07:52\n澎湃新闻 2025-03-17 15:50:12\n扬子晚报 2025-03-16 18:12:31\n财联社 2025-03-17 10:29:08\n澎湃新闻 2025-03-17 12:50:30\n环球网资讯 2025-03-17 20:14:14\n北京青年报 2025-03-17 20:53:47\n环球网资讯 2025-03-17 14:26:09\n财联社 2025-03-17 11:11:06\n鲁中晨报 2025-03-17 13:17:17\n农民日报 2025-03-17 07:48:54\n上游新闻 2025-03-17 13:27:17\n看看新闻Knews 2025-03-17 23:02:43\n21世纪经济报道 2025-03-17 15:53:57\nI河源 2025-03-17 23:11:12\n澎湃新闻 2025-03-17 22:06:27\n削桐作琴 2025-03-17 23:17:13",
        "embedded_media": []
    }
}