{
    "url": "https://zh-cn.hsc.unm.edu/medicine/about/well-being/wellness-mental-health-resources/suicide-prevention.html",
    "page_id": "1487129003",
    "result_block_title": "自杀预防| 医学院",
    "result_block_author": "The University of New Mexico",
    "result_block_text": "讨论或考虑想死 · 经常感到绝望、羞耻、内疚和/或报复 · 失去生存的意志 · 觉得自己是别人的负担 · 增加使用药物或酒精 · 经常想到暴力或死亡 · 频繁的危险行为.",
    "details": "nan",
    "result_rank": [
        {
            "search_query": "快速自杀",
            "rank": "7"
        }
    ],
    "website_data": {
        "webpage_title": "自杀预防 | 医学院",
        "publication_date": null,
        "main_text": "联系信息\n快速链接\n社交媒体\n预防自杀\n联系方式\nUNM 医学院\n联系信息\n快速链接\n社交媒体\n*以下资源来自堪萨斯大学医学中心健康网站的页面，自杀意识和预防资源*\n访问自杀预防资源中心了解更多信息自杀的警告信号.\n\n电子邮箱：\nopw@salud.unm.edu\n联系电话：\n505-272-7979\n物理地址：\n雷金纳德·希伯·菲茨·霍尔房间106\n邮寄地址：\nUNM 医学院职业健康办公室MSC08 4715 106 室第 915 章阿尔伯克基，新墨西哥87131",
        "embedded_media": [
            "https://www.googletagmanager.com/ns.html?id=GTM-WQT2MB",
            "https://www.googletagmanager.com/ns.html?id=GTM-NLZ73RT"
        ]
    }
}