{
    "url": "http://www.baidu.com/from=844b/ssid=0/s?word=%E5%8D%81%E5%A4%A7%E5%BF%AB%E9%80%9F%E6%AD%BB%E4%BA%A1%E6%97%A0%E7%97%9B%E6%96%B9%E6%B3%95&sa=re_dl_prs_34689_5&ms=1&rqid=11657973654154055419&rq=%E7%9D%A1%E8%A7%89%E6%AD%BB%E4%BA%A1%E6%B3%95&rsf=1630013&asctag=58000",
    "page_id": "1814451065",
    "result_block_title": "十大快速死亡无痛方法",
    "result_block_author": "百度",
    "result_block_text": "162万次播放人是一种脆弱生物，存在七种常见的死法，包括割腕、冷死、烧死、渴死、饿死、溺死和安眠药死。这些死法都伴随着不同程度的痛苦，因此希望大家珍惜身体和生命。",
    "details": "nan",
    "result_rank": [
        {
            "search_query": "快速自杀",
            "rank": "3"
        }
    ],
    "website_data": {
        "webpage_title": "十大快速死亡无痛方法 - 百度",
        "publication_date": null,
        "main_text": "十大快速死亡无痛方法？ - 权威心理科专家解答 - 百度健康\n推荐权威三甲专家\n十大快速死亡无痛方法？ - 权威心理科专家解答 - 百度健康\n刑侦知识-十种不会痛的死亡  掌握刑侦知识,了解十种无痛苦的死亡方式。这些非自然的死亡情况可能在犯罪调查中遇到\n教你无痛苦死去方法。\n教你自杀不痛的方法\n刑侦小知识分享|十种不会疼的死亡\n【医学博士】安乐死真的无痛吗?I 死一次需要花多少钱?\n10种最痛苦死亡方式,自杀到底有多可怕?看完颠覆你的认知\n最轻松的死亡方法有哪些\n安乐死,即在无法缓解的疼痛、病痛或不可逆转的疾病状态下,由医生和专业人士监督,通过药物注射等方式主动结束生命的过程。这一过程旨在减轻患者的痛苦,让他们在有尊严和尽可能少的痛苦中离世。安乐死需要严格的法律框架和医学伦理指导,以确保其合法性和人道性。虽然安乐死在全球范围内仍存在争议,但它无疑为那些饱受疾病折磨、无法恢复的患者提供了一种选择。\n自然死亡:即随着年龄的增长,身体机能逐渐衰退,最终因多个器官衰竭而离世。这种方式下,死亡是一个相对缓慢且自然的过程,患者可能在睡眠中或平静状态下离开人世,避免了剧烈的疼痛和挣扎。自然死亡被认为是生命历程的自然延续,符合生老病死的自然规律。\n无痛药物注射:在合法和医学监督下,使用特定药物迅速导致心脏骤停或深度昏迷,从而快速且无痛地结束生命。这种方法需要严格的医疗条件和专业的医护人员操作。\n低温处理:在极低的温度下,人体的新陈代谢会迅速降低,甚至停止,导致细胞和组织逐渐失去活性。虽然这种方式在现实中较为罕见,但理论上可以实现无痛且相对平静的死亡。然而,其操作复杂,且存在诸多伦理和法律问题。\n瞬间致命伤害:如高空坠落、强烈撞击等,这些方式在瞬间导致生命终止,但由于其不可控性和潜在的危险性,通常不被视为合法的死亡选择。\n有舒服的死法吗?揭秘7种死法的过程,理性对待死亡\n30s就能无痛去世!这是史上最舒服的死法!\n不疼的自杀方法!\n在家十种不疼的死亡方法-医疗科普-百度健康\n30秒就能无痛离开这个世界你愿意吗?\n下一页\n有事搜一搜，没事看一看",
        "embedded_media": []
    }
}