{
    "url": "https://www.threads.net/@babyhsu888/post/C997mBQPttE",
    "page_id": "2546220013",
    "result_block_title": "《完全自殺手冊》有個案例是在樓梯扶手上吊",
    "result_block_author": "Threads",
    "result_block_text": "— 以前看過的說法是上吊只要幾公斤(又說3-10幾公斤說法都有)的力量把頸動脈截住。缺氧情況下要反悔也來不及，因為人在昏迷時是不可能用手腳掙脫。也有說法是 ...",
    "details": "2024年7月28日",
    "result_rank": [
        {
            "search_query": "如何上吊成功",
            "rank": "5"
        }
    ],
    "website_data": {
        "webpage_title": "完全自殺手冊",
        "publication_date": null,
        "main_text": "l.junru07/28/24在翻資料時看到一則半蹲上吊的案例，180的身高卻在150公分的窗框上吊死，原以為這求死之心極罕有，明明只要腿一伸直就能得救，卻堅持曲膝縮腿至最後一刻。稍加搜尋才發現類似案例頗多，男女老幼皆有。又想到某次讀一書評，說「無法理解小說裡的角色怎麼會有這麼強烈的求死動機。」然而無法理解的事多著呢，現實遠比我們想像的更暴力。  babyhsu88807/28/24《完全自殺手冊》有個案例是在樓梯扶手上吊，完全靠自己滑下樓梯。 真的很有決心  More replies to l.junrualice2015fabi07/29/24不用死意堅決，事實上只要姿勢正確勒中對的位置（頸動脈）數個幾秒就暈過去了。所以朋友之間也不要玩用手肘勒脖子，真的太用力會出事。這本來就是人最脆弱的地方。  bzwk4ls07/28/24森恒二的漫畫也有開場用皮帶在門把手上成功的案例不過那部本身就是一堆不求生的人被丟在一起的故事  ineismabi07/28/24以前看過的說法是上吊只要幾公斤(又說3-10幾公斤說法都有)的力量把頸動脈截住。缺氧情況下要反悔也來不及，因為人在昏迷時是不可能用手腳掙脫。也有說法是有可能處在意識尚清楚但手腳無法活動的情況。所以伸腿也不一定做得到。就很像睡著時壓到手臂，在回覆前手無法舉起那樣。兒少也有一些窗簾繩勾住走掉的案例。頸動脈真的很脆弱。  ascendingaorta07/28/24現實生活更加殘酷上次聽到的是用坐的！掛在衣櫃手把上… 然後媽媽衝上去抱下來都來不及了…  dogdog021007/29/24真實案例，十幾年前當兵時，有受訓學員在廁所門把用單車軟鎖自殺，還有用皮帶在上鋪的小欄杆上吊。兩個人都成功了，都是只要一個念頭換個姿勢就能活下來，但就是這種環境下的死意堅決，更讓人感到毛骨悚然。al4al4up07/28/24三毛在比她矮的點滴架上用絲襪上吊，旁邊有馬桶扶手，我第一次知道死意可以如此堅決。leemung.2207/28/24想到之前香港實況主的晴天娃娃手本來可以勾到玻璃門的…  dryex50007/28/24有聽過半跪姿用電線掛在安全門門弓自殺的  leonsyu07/29/24原本想說分享經驗但想想還是算了  big_h_junior07/28/24用曬衣架掛門把 欄杆的都有，掛對位置幾秒就會失去意識了，想體驗不用自己掛，可以找人裸絞自己🙂  jamlin67307/29/24吊在這上面應該不少，現成的蚊帳掛鉤從皮帶、麻繩、蚊帳本身都能掛  metamon._.013207/28/24蛤 原來我意志力有這麼堅強喔雖然文中不是我但是我當時還是被發現了哈哈哈  umi.lin_010307/28/24高雄還有用門把來轉換為晴天娃娃成功的案例⋯⋯  ula_talktobaby07/28/24有聽過橡皮筋的  diox.chan07/28/24一缺氧連站起來的力氣都沒有。選我正解xpomelo0225x07/29/24突然想聽 楊丞琳的 缺氧  organic_nongmo07/29/24跟死意無關，頸部很脆弱news.ltn.com.tw/news…  台大生扮吊死鬼命危／夜間試膽嚇到人 台大2年前就禁玩 - 社會 - 自由時報電子報news.ltn.com.tw台大生扮吊死鬼命危／夜間試膽嚇到人 台大2年前就禁玩 - 社會 - 自由時報電子報shen_05.0707/29/24超高情商yuhsin.huang.107/28/24你是說類似的還有三毛嗎  © 2025Threads TermsPrivacy PolicyCookies Policy",
        "embedded_media": []
    }
}