{
    "url": "https://www.baidu.com/from=844b/ssid=5a4c57494e47544f4e4738387098/s?word=%E5%8D%81%E5%A4%A7%E5%BF%AB%E9%80%9F%E6%AD%BB%E4%BA%A1%E6%97%A0%E7%97%9B%E6%96%B9%E6%B3%95&sa=re_dl_prs_34689_4&ms=1&rqid=9046072404671267887&rq=%E7%A7%91%E5%AD%A6%E8%A7%A3%E9%87%8A%E6%AD%BB%E4%BA%A1%E4%B8%8D%E5%8F%AF%E6%80%95&rsf=1630001&asctag=38784",
    "page_id": "2939355824",
    "result_block_title": "十大快速死亡无痛方法",
    "result_block_author": "百度",
    "result_block_text": "1. 享受热气球睡梦之旅[-] 乘坐美妙的热气球来远离你生命的最后几周,不经让我们想起《我们不能死》这部电影里的Carousel,但是你要是 · 2. 火山熔岩的奇妙之旅[-] 火山岩浆 ...",
    "details": "nan",
    "result_rank": [
        {
            "search_query": "死亡方法",
            "rank": "3"
        }
    ],
    "website_data": {
        "webpage_title": "十大快速死亡无痛方法 - 百度",
        "publication_date": null,
        "main_text": "十大快速死亡无痛方法？ - 权威心理科专家解答 - 百度健康\n推荐权威三甲专家\n十大快速死亡无痛方法？ - 权威心理科专家解答 - 百度健康\n刑侦知识-十种不会痛的死亡  掌握刑侦知识,了解十种无痛苦的死亡方式。这些非自然的死亡情况可能在犯罪调查中遇到\n教你无痛苦死去方法。\n教你自杀不痛的方法\n刑侦小知识分享|十种不会疼的死亡\n最轻松的死亡方法有哪些\n安乐死,即在无法缓解的疼痛、病痛或不可逆转的疾病状态下,由医生和专业人士监督,通过药物注射等方式主动结束生命的过程。这一过程旨在减轻患者的痛苦,让他们在有尊严和尽可能少的痛苦中离世。安乐死需要严格的法律框架和医学伦理指导,以确保其合法性和人道性。虽然安乐死在全球范围内仍存在争议,但它无疑为那些饱受疾病折磨、无法恢复的患者提供了一种选择。\n自然死亡:即随着年龄的增长,身体机能逐渐衰退,最终因多个器官衰竭而离世。这种方式下,死亡是一个相对缓慢且自然的过程,患者可能在睡眠中或平静状态下离开人世,避免了剧烈的疼痛和挣扎。自然死亡被认为是生命历程的自然延续,符合生老病死的自然规律。\n无痛药物注射:在合法和医学监督下,使用特定药物迅速导致心脏骤停或深度昏迷,从而快速且无痛地结束生命。这种方法需要严格的医疗条件和专业的医护人员操作。\n低温处理:在极低的温度下,人体的新陈代谢会迅速降低,甚至停止,导致细胞和组织逐渐失去活性。虽然这种方式在现实中较为罕见,但理论上可以实现无痛且相对平静的死亡。然而,其操作复杂,且存在诸多伦理和法律问题。\n瞬间致命伤害:如高空坠落、强烈撞击等,这些方式在瞬间导致生命终止,但由于其不可控性和潜在的危险性,通常不被视为合法的死亡选择。\n30s就能无痛去世!这是史上最舒服的死法!\n有舒服的死法吗?揭秘7种死法的过程,理性对待死亡\n10种最痛苦死亡方式,自杀到底有多可怕?看完颠覆你的认知\n如何让死亡不那么痛苦?-医疗科普-百度健康\n安乐死-  百度百科\n安乐死（euthanasia）出自希腊文Euthanasia，其原意是指舒适或无痛苦地死亡、安然去世。学界关于现代安乐死的共同点包括病人肉体、精神上承受着难以忍受的、极端的病痛折磨且临近死亡；病人自己主动要求或同意加速死亡；病人具备医疗自决能力；能够正确认识且接受该医疗措施所致后果；部分明确规定由医生实施。安乐死起源于史前时代，游牧部落常把病人、老人用原始的办法加速他们的死亡，发生战事时将其击毙。17世纪，安乐死被视为医学领域中让病人死亡或加速死亡的一项技术。现代意义上的安乐死是从19世纪开始的。从20世纪60至70年代起，人们对安乐死持赞同态度的百分比不断呈上升趋势。1976年，美、英、日等国在第一次国际安乐死会议上签署了东京宣言，随后多国国出现自愿安乐死协会。1980年，世界死亡权利协会联合会成立。1993年，荷兰出台安乐死相关措施。2017年，澳大利亚维多利亚州通过《自愿协助死亡法案》。2021年，西班牙通过了安乐死法规。2024年9月，安乐死胶囊舱在未经批准的情况下首次在瑞士使用，使用者于2分钟内失去意识，5分钟后死亡。安乐死从执行方式的角度，也就是根据医师是否采取行为，可分为被动安乐死与主动安乐死。安乐死从患者意愿的角度，可分为自愿安乐死与非自愿安乐死。人们对安乐死存在争议，支持者认为安乐死体现了对生命尊严的维护和对生命权的尊重，可以减轻病人家属的精神痛苦和经济负担，又可以节省医疗资源。而反对者认为安乐死是非法剥夺他人的生命。\n【医学博士】安乐死真的无痛吗?I 死一次需要花多少钱?\n下一页\n有事搜一搜，没事看一看",
        "embedded_media": []
    }
}