{
    "url": "https://tw.news.yahoo.com/%E5%88%A5%E6%8B%BF%E8%84%96%E5%AD%90%E9%96%8B%E7%8E%A9%E7%AC%91-%E4%B8%8A%E5%90%8A%E6%98%AF%E8%87%B4%E6%AD%BB%E7%8E%87%E6%A5%B5%E9%AB%98%E7%9A%84%E8%87%AA%E6%AE%BA%E6%96%B9%E5%BC%8F-100000935.html",
    "page_id": "3203606917",
    "result_block_title": "別拿脖子開玩笑上吊是致死率極高的自殺方式",
    "result_block_author": "奇摩新聞",
    "result_block_text": "— 換句話說，一個體重60公斤的人，只要用其1/5的體重施加12公斤的力量在脖子上，頸動脈就會被堵住，腦袋沒有血液供氧很快就會陷入昏迷。那又何況一般人把椅子踢 ...",
    "details": "2017年6月21日",
    "result_rank": [
        {
            "search_query": "如何上吊成功",
            "rank": "8"
        }
    ],
    "website_data": {
        "webpage_title": "別拿脖子開玩笑 上吊是致死率極高的自殺方式",
        "publication_date": null,
        "main_text": "別拿脖子開玩笑 上吊是致死率極高的自殺方式\n其他人也在看\n熱門新聞\n你可能會喜歡\n如果有精神上的疾病或心情十分抑鬱，要趕緊去找心理醫師尋求諮詢，千萬不要尋短，有些心病真的只能靠吃藥控制；若只是要嚇嚇家人朋友以得到關心，有些自殺方式看起來很容易中斷、獲救，事實上致死率奇高。\n\n這不是在鼓勵大家用自殺來尋求注意，而是說，如果真的一心一意要做這種傻事，也不要選擇難以自救的自殺方式，以免弄巧成拙。例如喝農藥，有些人以為喝農藥就跟吃安眠藥一樣，胃洗一洗就能從鬼門關前轉回來。錯！有些農藥極毒，就算只有喝一點，或僅僅沾到口腔，就挽回不了了。\n\n上吊自殺也是常被人低估的自殺方式\n\n去年台大宿舍有學生扮吊死鬼，結果差點勒死自己。脖子是很脆弱的器官，以一般成人來說，只要身體20%的重量就足以堵住動脈向大腦供血，會使人陷入昏迷，無以自救，所以有些死意甚堅的人甚至不用拿椅子蹬腿上吊，只要人站著、故意放軟讓身體下墜就足以致死。\n\n上吊自殺並不像影視畫面中呈現的那麼淒美，上吊自殺的死狀很醜，跟美完全沾不上邊，會屎尿失禁、眼球突起，有時會舌頭吐出來，甚至在某些極端情況下頭會整個勒斷。\n\n上吊自殺很難中途自救。像電影中演得那樣，硬漢被壞人用細繩猛力勒住脖子後還能大力掙扎的情形在現實生活中幾乎不可能，因為當勒住脖子的力道達到某個程度人就會癱軟無力、沒辦法反抗。至於那些身體已經懸空上吊還能雙手上舉、撐住繩圈的橋段就更扯了。\n\n根據專業的報告，血壓在170毫米汞柱的人，他的頸動脈只要用3.5公斤、椎骨動脈用16.6公斤的壓力即可堵塞。換句話說，一個體重60公斤的人，只要用其1/5的體重施加12公斤的力量在脖子上，頸動脈就會被堵住，腦袋沒有血液供氧很快就會陷入昏迷。那又何況一般人把椅子踢掉用全身重量勒頸的情形，幾乎是無法挽回，除非繩子太脆弱斷掉，或頸部滑落才有可能自殺中止。\n\n一旦上吊，大概只要十分鐘就沒救了，因為心臟會跳動十分鐘左右。就算及時搶救下來，上吊者也很有可能成為植物人，或癱瘓，變成家人的嚴重負擔。\n\n最後提醒，若心情十分抑鬱請趕快向專業心理醫師求治，或打自殺防治專線 0800-788-995 ，千萬不要尋短。而所有會勒住脖子的行為也請不要嘗試，很有可能會造成遺憾。\n\n(圖片取自flickr)\n\n娛樂中心／綜合報導PTT表特版近期一位「禮儀師正妹」暴紅，亮麗精緻外貌站在會場內成為眾人注目焦點，更有人挖出該名正妹私下超反差「誠意大解放」照片，讓網友瘋狂湧入正妹私人帳號猛按讚追隨，讓該名正妹瞬間大漲粉、破萬粉絲到場朝聖，不少迷倒在禮儀師正妹魅力之中的網友更開玩笑喊出：「想給她業績！」，笑倒眾人。\n苗栗有人到後龍外埔海邊進行淨灘活動時，竟然看見一輛轎車停在消波塊旁，讓現場的民眾大為震驚，好奇汽車怎麼能開到這裡，經調查，車主是高雄人，他說車子早被當鋪開走，為什麼漂流到苗栗海岸邊他也不清楚，這個奇景\n房市買氣冷、建商硬著頭皮狂推案！土地銀行董事長何英明今（18）日坦言，買方還在觀望中，但建商沒辦法停手，壓力大到不推不行，今年329檔期推案量上看逾3,000億元，比往年更大，不過，房價大跌機率不高，小幅修正5%到10%屬於正常範圍，不只買家還在等，建商還在撐，銀行也因為房貸撥款壓力倍增，土銀目前仍有1600億元的房貸戶等撥款。\n鬼鬼吳映潔年初突然宣布已經生下女兒，她懷孕過程低調，加上她沒有公開交往的人，引起不少網友熱議，18日她出席活動，身材恢復得很不錯。\n一棟50年前父母買下的二手店面，結構危殆卻長年限建，好不容易等到重劃仍難以改建，父親在盼望中離世，而母親也年歲漸大，直到2017年政府頒布《危老重建條例》，讓這家人燃起重建希望，台中市民牟宗信與弟妹共同籌資貸款、委託建築師規劃監造，齊心在約150坪基地上、重建建坪約400坪的五樓透天，嶄新堅固的新屋成為一家人半世紀勤懇不懈的打拼見證。\n台北比特犬Lucky因二度傷人，於18日下午左右，被移送到北市動保處安置，所幸過程中Lucky情緒穩定，被關進獨立籠子時有些緊張，頻頻發出低鳴，對此，動保處表示，後續將進行減敏，進一步了解犬隻狀況，還不會立即安樂死，將視後續狀況來決定。\n女星大S徐熙媛因流感併發肺炎於2月2日病逝，15日長眠金寶山的「玫瑰園」墓地，具俊曄、S媽、小S與老公許雅鈞等家人，也被目擊冒雨送她最後一程，前夫汪小菲則未現身。如今卻有網友從汪小菲現任妻子馬筱梅（Mandy）的IG限動中發現，大S的一雙兒女當天疑似沒去送行；資深狗仔葛斯齊也在直播中爆料「兩個小孩根本沒有去！」引發熱議。\n[FTNN新聞網]記者何亞軒／綜合報導韓國男星金秀賢近期遭爆與金賽綸在她未成年時交往，引起外界熱議，隨著交往鐵證陸續被揭發，許多節目與品牌也隨即和金秀賢...\n阪神虎王牌投手才木浩人今（16日）熱身賽面對大聯盟衛冕軍道奇先發，主投5局僅被敲1安，送出7次三振、無失分精采表現，完全壓制「宇宙道奇」。才木優異的投球內容讓洛杉磯當地媒體為之驚嘆，甚至掀起「才木加盟道奇」的呼聲。\n[FTNN新聞網]記者薛明峻／綜合外電報導南韓超人氣男星金秀賢，被控與當時尚未成年的女星金賽綸交往6年，之後又向她追討代墊的7億韓元賠償金，爆料消息不斷，...\n南韓演員金秀賢近期遭YouTube頻道《橫豎研究所》接連爆料，公開曾與未成年的金賽綸交往6年，他一開始矢口否認，但隨著兩人多張親密照曝光後，金秀賢公司才坦承交往，時間則是「2019年夏天至2020年秋天期間」；而網友也翻出金秀賢過去曾與歌手鄧紫棋傳緋聞，女方當時也同樣遭受輿論攻擊。\n[FTNN新聞網]記者曾奕語／綜合報導南韓演員金秀賢近日被爆出在已故女星金賽綸未成年時，雙方就已交往，儘管女方家屬搬出各項證據，金秀賢方卻矢口否認，事件...\n韓國YouTube「橫豎研究所」接連爆出男星金秀賢曾密戀已故女星金賽綸6年，令眾人在意的是兩人交往初期，女方年僅15歲未成年，讓金秀賢陷入道德爭議，時隔7天，金秀賢又被報疑似年齡造假，實際年齡比對外聲稱再長2歲。\n許多父母疼愛子女，希望透過贈與，讓子女生活更輕鬆一點，尤其現在房價高漲，年輕人籌備自備款買房不易，贈與房屋或現金給小孩，只要把握每人每年244萬元的贈與免稅額度，即可省下一筆贈與稅，但常見有7種贈與免稅額的錯誤觀念，小心別讓國稅局多剝你一層皮。\n[FTNN新聞網]記者吳雨婕／綜合報導南韓男星金秀賢近期遭毀滅式爆料，不僅被抖出是金賽綸未成年時交往，還有二度逼債7億韓元，引起討論，對此，金秀賢的經紀公...\n金賽綸被「強迫成熟」？網揭戀愛前後對比：女孩變女人\n美國總統川普稱將在18日與俄羅斯總統普丁進行通話，協商如何結束俄烏戰爭。川普透露通話前，三方已討論多時，甚至提及可能為停火所做出的讓步，包括分割「某些資產」。而俄羅斯也公開提出停火條件。\n許光漢戀愛了！「肉麻傳情」音檔流出：妳不來我就飛過去找妳\n鴻家軍之一的衛星通訊廠台揚（2314）因年報顯示淨值已低於財報所列股本的一半，依規定遭台灣證交所公告自3月18日起打入全額交割，消息一出，台揚今（17）日開盤股價跳空跌停，鎖在27.1元，2.2萬張排隊等賣，成為今日鴻家軍之中唯一重挫的個股。\n氣象署提醒，今（17）日受到強烈大陸冷氣團持續影響，各地天氣寒冷。對此，有氣象專家今早透過臉書發文預告「最冷，就在今明2天」。",
        "embedded_media": [
            "https://tw.buy.yahoo.com/smartbanner/article?site=news&device=desktop&bucketName=news-TW-zh-Hant-TW-def&spaceId=2144404884&articleId=e929fc46-bdac-3bb8-a591-7b11f53b9773"
        ]
    }
}