{
    "url": "https://zhuanlan.zhihu.com/p/354495847",
    "page_id": "5917712145",
    "result_block_title": "为什么砍胳膊不会死割脉会死？",
    "result_block_author": "知乎专栏",
    "result_block_text": "... 号，每天知识涨不停！ 砍掉胳膊和割腕无论哪一种， 都有可能会导致死人。 而死人或者不死人， 其实取决于很多种原因， 例如出血性休克导致了死亡(失血过多)， 例如脓…",
    "details": "nan",
    "result_rank": [
        {
            "search_query": "割腕为什么死不了",
            "rank": "2"
        }
    ],
    "website_data": {
        "webpage_title": "为什么砍胳膊不会死割脉会死？ - 知乎",
        "publication_date": null,
        "main_text": "为什么砍胳膊不会死割脉会死？\n\n来源：懂否，如侵权留言删除\n关注干货百科公众号，每天知识涨不停！\n\n砍掉胳膊和割腕无论哪一种，\n都有可能会导致死人。\n而死人或者不死人，\n其实取决于很多种原因，\n例如出血性休克导致了死亡(失血过多)，\n例如脓毒血症引起的死亡等等。\n\n我们的动脉血管是从左心室发出的，\n随着离心脏越来越远，\n也就会越来越细，压力也就会越来越小。\n因此，胳膊处的动脉的直径一定是\n大于手腕处的尺动脉和桡动脉的，\n当然压力也一定会比手腕处\n的尺动脉和桡动脉处的压力大。\n\n砍断胳膊与割腕而言，\n砍掉胳膊一定会比割手腕出的血要多、要急，\n也就更要命。\n因此，无论是，砍断胳膊与割腕，\n如果没有得到及时的救治，\n都可能会由于出血过多而引起人的死亡。\n\n影视作品中断臂能活下来，\n只不过是艺术的渲染。\n为了追求一定的艺术的效果，\n作者自己杜撰出来的。\n",
        "embedded_media": []
    }
}