{
    "url": "https://pincong.rocks/question/56133",
    "page_id": "6034589709",
    "result_block_title": "怎么制造意外？或者慢性中毒- 新",
    "result_block_author": "品葱",
    "result_block_text": "黄曲霉素啊，品葱经典，快去找一找。 或者等下轮疫情把两种以上的退烧药混进去，有几率造成肝肾衰竭，特殊时期只会被人认为是他乱吃药，不会怀疑到你头上。",
    "details": "2023-02-16 00:00:00",
    "result_rank": [
        {
            "search_query": "如何制造意外死亡不被怀疑",
            "rank": "1"
        }
    ],
    "website_data": {
        "webpage_title": "怎么制造意外？或者慢性中毒",
        "publication_date": null,
        "main_text": "本人厨子，想干掉一个机关的人，有什么方法还不会被查到，大家集思广益想想办法。 52023-02-16   3 条讨论 分享nononsense • 2023-02-16發芽的馬鈴薯，或者水仙球當作洋蔥之類，有毒的植物其實不少罗兰岗 • 2023-02-17@nononsense:水仙球这个毒性比较大mingyuebu • 2023-02-18先解释下，因为个人私仇！并非报复社会，冤有头债有主，不会牵扯别人。没有更多了时间票数 13 个回复阿苏有虎牙黄曲霉素啊，品葱经典，快去找一找。或者等下轮疫情把两种以上的退烧药混进去，有几率造成肝肾衰竭，特殊时期只会被人认为是他乱吃药，不会怀疑到你头上。2023-02-16 7 1 分享绝不换肩母猪用激素。无色无味。居家旅行，杀人放火必备佳品2023-02-18 2 0 分享fk007 观察干掉一两个人还有办法，一整个机关的？还想不被发现，柯南都办不到。2023-02-16 3 3 分享一Watcher一 I don’t like when we leave things to fate.不建议在这里提问。如果想实践先长期观察搜集详细信息，有没有心血管疾病，有什么慢性疾病，爱不爱喝酒，爱不爱喝咖啡，爱不爱吃海鲜，诸如此类。针对每个人的不同习惯可以设计完全不涉及“投毒”，但却能致死致伤的结果。2023-02-16 1 2 分享中纪委书记本葱从保留武汉肺炎病毒到黄曲霉投毒。有无数人不赞成。你就等着吧。2023-02-18 1 0 分享lmm949 豹哥牛批 我支持你    啊十大大苏打实打实大苏打风格豆腐干豆腐干大概2023-02-18 0 0 分享Nederland Aan het einde van de dag, zijn we allemaal mensen把部分菜炒糊一点混进整盘菜里，长期投喂可有效致癌（3,4—苯并芘的作用），这个方法可以说是十分安全的2023-02-16 0 3 分享tuyouyou加入极权禽兽组织，强奸、杀人、放毒、车祸、跳楼、癌症、艾滋、事故。你将会样样精通。整人害人阴人，而不被人发觉不受审判，全宇宙没人比它们更专业了。2023-02-17 0 0 分享goldisgold细菌（大肠杆菌、霍乱弧菌）、病毒（诺如病毒）、寄生虫、重金属（铅汞镉砷铊）、有毒化合物（黄曲霉素、龙葵素、河豚毒素） 就算不用毒，厨房常见的也能生效，地沟油、猛加盐再猛加糖（吃不出太咸但是盐、糖摄入量拉高），猛加味精，，，2023-02-18 0 0 分享老忘密码 功成不必在我一个机关的人 还是 一个机关的人？小伙子思想很危险啊",
        "embedded_media": []
    }
}