{
    "url": "https://news.sina.cn/2014-11-09/detail-icfkptvx4457828.d.html",
    "page_id": "6057992841",
    "result_block_title": "天才的10种死亡方式",
    "result_block_author": "新浪新闻_手机新浪网",
    "result_block_text": "第一次自杀是在1929年10月。20岁的太宰治企图以安眠药自杀，后因服药未达致死量活了下来。一年后的11月，太宰治和有夫之妇田部目津子吞下安眠药之后投水自杀 ...",
    "details": "2014年11月9日",
    "result_rank": [
        {
            "search_query": "死亡方法",
            "rank": "4"
        }
    ],
    "website_data": {
        "webpage_title": "天才的10种死亡方式_手机新浪网",
        "publication_date": "2014-11-09 01:20:08",
        "main_text": "新浪新闻\n天才的10种死亡方式\n二三里资讯\n记者 林逸飞实习生 秦艺丹\n10月23日，“印尼最好的女儿”嘉亚贴·伟里莎因脑血管破裂死亡。\n年仅17岁，没有辅导班，没有老师，没有人帮助，却精通14种语言，伟里莎是不折不扣的天才。\n“唯有天才无视死亡。唯有死亡无视天才。”天妒英才，是奈特鲁尼克这句话最好的注解。\n死于疾病、死于意外、死于自杀，或者“死”于教育。天才的去世，无不令人惋惜，令人嗟叹。\n人食五谷，谁能无病？\n天才也无可避免疾病的困扰。每天都有人因为疾病而去世，不过戴上了“天才”这顶帽子，这样的离世难免会让更加让人遗憾。\n不过，天才的逝世和他们过度的用脑是否有直接的联系，医生给出的答案是“任何器官过度使用都会出问题，用脑不当，脑力过度都会使大脑功能失调。”\n死因1：脑血管破裂\n印尼外语天才：嘉亚贴·伟里莎\n“印尼失去了一个最好的女儿。”10月24日，印尼媒体《全球印尼人》痛心疾首地说。\n就在前一天，嘉亚贴·伟里莎，在医院的重症监护室里挣扎了4天之后，撒手人寰，留给印尼社会一片唏嘘。\n“她17岁，精通14种语言，代表印度尼西亚出席在泰国举行的儿童权利大会。”在社交媒体上，印尼人对这位小女孩的成绩如数家珍。\n“伟里莎是天才。她的外号是‘小博士’，是所有孩子崇拜的偶像。”印尼网友梅加瓦蒂通过社交媒体告诉《上游万向周刊》。\n没有上过辅导班，没有老师教授，甚至没有其他人帮助，伟里莎仅仅手拿一本书，就能快速地记下外语的单词、句式和语法，而后运用自如。\n“没有人知道她的脑袋和我们有什么不同，可是她就是做到了！”梅加瓦蒂说。\n印尼媒体开始搜索伟里莎短短的17年：她6岁上学，开始正式接触语言学习，然后短短几年迅速掌握了印地文、尼泊尔语、英语、荷兰语、德语、法语、日语、意大利语、西班牙语、泰语、俄语、韩语，甚至被调侃为“天书”的汉语和阿拉伯语！\n除了令人吃惊的智商，伟里莎还特别关心世界其他地方孩子的生活。她在16岁时代表印度尼西亚出席在泰国举行的儿童权利大会，并发表演说。\n就在离世前，伟里莎和朋友在一个公园里面锻炼。锻炼结束后，伟里莎感到一阵剧烈的头晕。\n她的主治医生阿古斯说，伟里莎是大脑血管破裂：“锻炼可能导致了血管破裂。”\n“是不是因为天才读书太多，或者用脑过度，才导致了血管破裂啊？”当地人疑惑不解。\n西南大学神经内科胡俊告诉《上游万向周刊》：“应该说是动脉瘤破裂出血才准确。动脉瘤是可以医治的，但是很多人都难以发现自己有动脉瘤，但是这像一个定时炸弹，可能在情绪激动或剧烈运动时发生破裂。”\n重庆医科大学附属第一医院心理卫生中心主任、重庆市心理卫生协会理事长蒙华庆也告诉本刊：“但是任何器官过度使用都会出问题，用脑不当，脑力过度都会使大脑功能失调。”\n死因2：艾滋病\n英国摇滚音乐人：弗雷迪·默丘里\n弗雷迪·默丘里过人的艺术气质从选名字开始，他不仅为自己选了很浪漫的艺名“Mercury”（水星），而且为乐队定了很霸气的队名“Queen”（皇后）。\n他的音乐才华令世人惊叹，冠名“天才”毫不为过，以高亢璀璨的音色与戏剧化的表演方式，成为二十世纪后半叶不可忽视的艺术天才。他为皇后乐队写下了诸多传世佳作，例如《波西米亚狂想曲》、《我们是冠军》。\n不过，作为摇滚天才，默丘里也保持这嬉皮士“典型”的生活方式：花天酒地、寻芳猎艳、醉生梦死。\n1991年11月24日，默丘里死于艾滋病所引发的肺炎，在他公开自己病情后的仅仅一天后。\n死因3：心脏病\n歌剧《卡门》作者：乔治·比才\n他是世界上演出率最高的歌剧《卡门》的作者，也是9岁入读巴黎音乐学院的天才。\n歌剧卡门是比才的心血之作，想凭借此剧发出来自社会底层的呐喊。歌剧《卡门》在1875年3月首演后，巴黎的反映十分冷淡，随后的几次演出也没有获得应有的成功。\n据说，比才曾为此彻夜游荡街头，从而成为他过早死亡的原因之一。但也有人认为歌剧《卡门》的演出成败与否，同比才早死并没有什么联系，因为当时他已多年为喉疾所苦，可能是癌症，只是由于病情恶化促使心脏病突然发作致死。\n1875年6月3日，即《卡门》首演后三个月，比才逝世于巴黎附近的布瑞瓦尔，时年还不满37岁。\n天才与自杀，之间似乎不存在严密的逻辑关系。或许是“名人光环”的影响，天才的自杀总令人唏嘘。\n或许是天才们的世界太过封闭，或许是天才们的心理压力太过沉重，或许是天才们敏感苛刻的人性，人们试图猜测天才自杀的原因。\n虽然生命已逝，但是他们最辉煌的日子，却是常人难以企及的。\n死因4：饮弹\n天才画家、作家：梵高、海明威\n文森特·梵高，在西方文艺评论家眼中，他是19世纪“最孤独的人”。\n他出身草根，生活清贫，几乎没有受过什么正规的绘画训练。\n为弄到画布、油彩和画具，而日复一日地奔波劳碌，精神上也不断处于矛盾的状态，为追求艺术的完美而承受着压力。\n他曾将自己的耳朵割下，包好，送给妓女。\n不过，在他完成了他举世瞩目的七幅向日葵后，他选择了自杀。\n1961年7月2日，美国天才作家海明威死于自己心爱的猎枪之下。他曾说过：“人，可以被毁灭，但不能被征服。”\n“天才往往生活在自己的世界。一旦现实世界与他们的‘世界’有所冲突，他们往往选择极端的方式解决，”美国心理学家罗伯特·贝茨说。\n死因5：服药\n日本作家：芥川龙之介\n1927年7月24日，日本天才作家、35岁的芥川龙之介在自家寓所服用致死量的安眠药自杀，枕边搁置有圣经、遗书与遗稿。\n芥川龙之介的个人境遇，三个字——糟透了。他出世九个月后，母亲发疯，为生母家收为养子，与疯母相伴10年。\n他所生活的时代，也是充满着躁动与不安。他感到周围的现实都充满不调和，加上患神经机能障碍症，精神和肉体都受到折磨，厌世思想日益严重。\n菊池宽这样评价芥川龙之介的死因：他的死因，一多半或可归于使其心力交瘁的神经衰弱，但剩下的大约一半似乎在于他对人生及艺术的过于真诚，过于神经过敏。\n“天才感知世界的方式异乎寻常的敏感。这是他们创作的动力，但也会让他们陷入极端的情绪。”贝茨说。\n死因6：投水\n无赖派文学大师：太宰治\n日本天才作家、无赖派大师太宰治曾创下了五次自杀的记录。\n第一次自杀是在1929年10月。20岁的太宰治企图以安眠药自杀，后因服药未达致死量活了下来。一年后的11月，太宰治和有夫之妇田部目津子吞下安眠药之后投水自杀，结果太宰治获救，年仅十八岁的目津子死亡。\n第三次是在1935年。又因为不能进入《都新闻社》当记者，太宰治意图自杀。后来据说是绳结断了摔落到地面，上吊自杀未遂，脖子有明显的绳索勒痕。\n第四次的自杀是在1937年。太宰治因政治压力和生活矛盾，同初恋小山初代去谷山温泉殉情，依然是采取服安眠药投水。不过这次服下的安眠药，依然不够致命，结果被双双救活，连当地的医院都没有送往，第四次自杀又未成功。\n1948年6月13日深夜，太宰治与崇拜他的女读者山崎富荣跳玉川上水自杀，时年39岁。 据说，两个人在雨中沿河走了200米，然后跳下了河。“不要绝望，在此告辞！”太宰治留下了这句话。\n（原标题：天才的10种死亡方式）",
        "embedded_media": []
    }
}