{
    "url": "https://www.dcard.tw/f/mood/p/235861918",
    "page_id": "6060248314",
    "result_block_title": "老師說從30幾樓跳下去才叫死意堅決可是我們學校最高才17 ...",
    "result_block_author": "Dcard",
    "result_block_text": "老師說從30幾樓跳下去才叫死意堅決可是我們學校最高才17樓應該夠了吧. 匿名. 2021 年4 月27 日08:36. 更：. 大家的留言讓我真的狠不下心來刪文.",
    "details": "2021-04-27 00:00:00",
    "result_rank": [
        {
            "search_query": "30楼跳下去会立即死亡吗",
            "rank": "10"
        }
    ],
    "website_data": {
        "webpage_title": "Attention Required! | Cloudflare",
        "publication_date": null,
        "main_text": "Sorry, you have been blocked\nYou are unable to accessdcard.tw\nWhy have I been blocked?\nWhat can I do to resolve this?\nThis website is using a security service to protect itself from online attacks. The action you just performed triggered the security solution. There are several actions that could trigger this block including submitting a certain word or phrase, a SQL command or malformed data.\nYou can email the site owner to let them know you were blocked. Please include what you were doing when this page came up and the Cloudflare Ray ID found at the bottom of this page.\nCloudflare Ray ID:921d8bffcd284aa3•Your IP:Click to reveal35.194.158.168•Performance & security byCloudflare",
        "embedded_media": []
    }
}