{
    "url": "https://www.facebook.com/SinChewDaily/posts/%E6%98%A8%E5%8D%88%E4%BB%8E%E5%AD%A6%E6%A0%A13%E6%A5%BC%E5%9D%A0%E6%A5%BC%E7%9A%8413%E5%B2%81%E4%B8%AD%E4%B8%80%E5%AD%A6%E7%94%9F%E5%B7%B2%E4%BA%8E%E4%BB%8A%E6%97%A5%E5%87%8C%E6%99%A812%E6%97%B630%E5%88%86%E5%B7%A6%E5%8F%B3%E9%80%9D%E4%B8%96%E6%98%9F%E6%B4%B2%E6%97%A5%E6%8A%A5-sinchew/873269434834585/",
    "page_id": "6274604123",
    "result_block_title": "昨午从学校3楼坠楼的13岁中一学生，已于今日凌晨12时30分 ...",
    "result_block_author": "Facebook · 马来西亚星洲日报 Malaysia Sin Chew Daily",
    "result_block_text": "昨午从学校3楼坠楼的13岁中一学生，已于今日凌晨12时30分左右逝世。 #星洲日报#sinchew.",
    "details": "nan",
    "result_rank": [
        {
            "search_query": "30楼跳下去会立即死亡吗",
            "rank": "9"
        }
    ],
    "website_data": {
        "webpage_title": "马来西亚星洲日报 Malaysia Sin Chew Daily's Post",
        "publication_date": null,
        "main_text": "昨午从学校3楼坠楼的13岁中一学生，已于今日凌晨12时30分左右逝世",
        "embedded_media": []
    }
}