{
    "url": "https://www.baidu.com/from=844b/ssid=0/s?word=%E5%9C%A8%E5%AE%B6%E9%87%8C%E6%9C%80%E7%AE%80%E5%8D%95%E6%AD%BB%E4%BA%A1%E6%96%B9%E6%B3%95&sa=re_dl_prs_34689_1&ms=1&rqid=9213115296118607072&rq=%E6%AD%BB%E4%BA%A1%E6%9C%80%E4%BD%B3%E6%96%B9%E5%BC%8F&rsf=1630013&asctag=16508",
    "page_id": "6367802363",
    "result_block_title": "在家里最简单死亡方法",
    "result_block_author": "百度",
    "result_block_text": "162万次播放人是一种脆弱生物，存在七种常见的死法，包括割腕、冷死、烧死、渴死、饿死、溺死和安眠药死。这些死法都伴随着不同程度的痛苦，因此希望大家珍惜身体和生命。",
    "details": "https://mp.weixin.qq.com/s?__biz=MzI2NTE3Nzg5Ng==&mid=2650883710&idx=2&sn=6740f6e92447177909f2015b74c9f860&chksm=f154b839c623312f493fdf89682006bb21481cf946358b7b2cfb2553e997cca48b8710997f28&scene=27",
    "result_rank": [
        {
            "search_query": "死亡方法",
            "rank": "2"
        }
    ],
    "website_data": {
        "webpage_title": "在家里最简单死亡方法 - 百度",
        "publication_date": null,
        "main_text": "6种死亡方式(上)\n家里蟑螂随处可见,教你1个“小妙招”,让蟑螂“统统...\n喝水噎死!15个最奇葩的死亡方式\n九成人不懂“蟑螂”天敌是啥:家里面放个它,蟑螂就...\n有舒服的死法吗?揭秘7种死法的过程,理性对待死亡\n再痛苦也别自杀,盘点5种死亡方式,每种自杀远比我们想的更恐怖\n在家里自然死亡的怎么开死亡证明 -法律知识_律渐\n老人在家里去世死亡证明怎么开-法律快车图文问答\n中班消防安全教案(通用15篇)\n家里蟑螂多不要慌，一把大蒜轻松搞定，来一只死一窝，试一试吧！\n下一页\n有事搜一搜，没事看一看",
        "embedded_media": []
    }
}