{
    "url": "https://www.labour.gov.hk/tc/public/pdf/os/D/FatalCase2.pdf",
    "page_id": "6680502017",
    "result_block_title": "職業意外致命個案分析(第二集)",
    "result_block_author": "HK Labour Department",
    "result_block_text": "因此,工作地點的. 負責人須了解為何會發生意外,和應採取的行動,確保. 意外不會重演。 本個案集搜集了一些死亡意外個案,加以改編,以作經. 驗分享,防止意外,亦希望前線的員工 ...",
    "details": "nan",
    "result_rank": [
        {
            "search_query": "如何制造意外死亡不被怀疑",
            "rank": "4"
        }
    ],
    "website_data": {
        "webpage_title": "職業意外致命個案分析 - 第二集",
        "publication_date": null,
        "main_text": "工作地點的意外不單使受害者及其家人蒙受傷痛，也帶來因停工、保險賠償、醫療和復康等的各項開支。一般工作地點的意外都是可以預防的。通常，這些意外都在發生的過程和原因有其相似性。不全面了解這些意外的發生原因、汲取教訓和制定適當的改善措施，則未能保障工友在工作時的安全和健康。因此，工作地點的負責人須了解為何會發生意外，和應採取的行動，確保意外不會重演。本個案集搜集了一些死亡意外個案，加以改編，以作經驗分享、防止意外，亦希望前線的員工和管理層藉此汲取寶貴的意見，以及向舉辦安全訓練的機構，提供個案分析的訓練教材",
        "embedded_media": []
    }
}