{
    "url": "https://zhidao.baidu.com/index/?word=%E4%B8%80%E8%88%AC%E4%BA%BA%E8%B7%B3%E6%A5%BC%E8%87%AA%E6%9D%80%EF%BC%8C%E4%BB%8E%E5%87%A0%E6%A5%BC%E8%B7%B3%E4%B8%8B%E5%8E%BB%E8%82%AF%E5%AE%9A%E4%BC%9A%E6%AD%BB&from=qb&ad_test=&Ycai_hit=253&uid=C3A971661783E0112202CE876D300263&step=2",
    "page_id": "6974964941",
    "result_block_title": "搜索结果_一般人跳楼自杀，从几楼跳下去肯定会死",
    "result_block_author": "百度知道",
    "result_block_text": "跳楼自杀的高度会影响死亡过程。2. 据说，从30层或更高的地方跳下，人在落地前可能已经因为高坠带来的瞬间冲击而失去意识，因为这样的高度提供了一个足够长的时间，使大脑 ...",
    "details": "nan",
    "result_rank": [
        {
            "search_query": "30楼跳下去会立即死亡吗",
            "rank": "1"
        }
    ],
    "website_data": {
        "webpage_title": "搜索结果_一般人跳楼自杀，从几楼跳下去肯定会死",
        "publication_date": null,
        "main_text": "热推榜单\n\n2024-05-29快乐生活1\n\n2021-05-11136******054\n\n2025-03-09幽兰香槟\n\n2014-08-09回忆dJX26\n\n2024-05-09快乐生活\n\n2024-12-17深空见闻\n\n2013-09-21心之欲死不能1\n\n2023-10-05挽街老院w\n\n2015-05-04粟琪夜1\n\n2023-01-30格子里兮\nAPP名称：百度知道   版本号：9.2.6\n开发者：百度在线网络技术（北京）有限公司\n隐私政策应用权限\n电脑版©2025 Baidu",
        "embedded_media": []
    }
}