{
    "url": "https://fll.um.edu.mo/wp-content/uploads/2018/01/LAWS166-Forensic-Medicine_part2_21102014.pdf",
    "page_id": "7422813570",
    "result_block_title": "法醫學簡介",
    "result_block_author": "Faculty of Law | University of Macau",
    "result_block_text": "... 被解剖的屍體是不被懷疑爲暴力死的屍. 體，一般爲醫院內死亡的人；其需事先徵得死者親屬的同意，或死者在生前已有自願獻出屍. 體進行解剖的遺囑及知會醫院院長，而執行 ...",
    "details": "nan",
    "result_rank": [
        {
            "search_query": "如何制造意外死亡不被怀疑",
            "rank": "10"
        }
    ],
    "website_data": {
        "webpage_title": "法醫學簡介",
        "publication_date": null,
        "main_text": "法醫學簡介一、法醫學的概念及起源概念法醫學工作者於詳細檢驗屍體、損傷、疾病和物證後，都需要以科學知識，尤其是醫學知識，提出科學依據及作出正確結論，協助治安警察部門、檢察院、法院解決偵查、起訴、審判工作中的有關問題；在這一系列工作中所需要的科學知識，就成爲一門獨立的科學 —— 法醫學。而現代法醫學是醫學科學中的一門學科，同時也是一門醫學和法學的邊緣學科。法醫學（廣義上）是應用醫學、生物學、化學和其他自然科學的理論和技術，從事於研究，探討和解決司法機關在實踐中有關醫學的理論和實際問題，爲偵審案件提供資料和證據；其內容包括勘驗現場、剖驗屍體、活體檢查、檢驗物證和毒物，以及審查其他有關法醫學方面的書證等。起源法醫學的概念直到廿世紀才被清晰地界定，雖然最早的法醫學概念源自西方，但第一本現存、有系統的法醫學著作卻是由中國人於 1251 年出版的《洗冤集錄》，比義大利人（Fortunato Fidele）寫的第一本法醫專書著還要早三百多年，但當時的中國人卻還沒有法醫學這個概念。《洗冤集錄》的作者宋慈是中國南宋時期的湖南省提點刑獄，是當時最高的司法官，即現今的首席法官。宋慈眼見封建社會草菅人命屢見不鮮，為官者審案又草率行事，宋慈於是出版此書，訂立多項調查命案的規定，並親身監察下屬包括仵工的工作，嚴懲不盡責的官員，令枉死者與被誣陷者得到翻案的機會。此書曾被多次增補，更先後譯成日、韓、法、德、荷、英文等版本。《洗冤集錄》是一本有系統而幾蓋全面的法醫學著作，唯一的遺憾是缺乏解剖理據，原因大概是中國人的封建思想，認為死後要留有全屍的觀念，而法律上亦不容許對屍體進行剖驗。二、法醫學與其他科學的關係法醫學的理論和實踐，除涉及醫學各科外，與其他科學亦有密切關係。如：自然科學 生物學……人類學、遺傳學、動物學、植物學等。理化學……物理學、化學、分析化學、毒物分析化學、法庭科學(刑事科學技術)等。社會科學 法學……刑法、刑事訴訟法、民法、民事訴訟法、勞動法規、醫師條例及解剖屍體規則等。社會學、心理學、偵查學、犯罪學等等。總之，法醫學有廣闊的領域，關聯到醫學、其他自然科學和社會科學，內容逐漸增多，應用也日益廣泛。三、法醫學發生發展的根源及在醫學中的位置",
        "embedded_media": []
    }
}