{
    "url": "https://interagencystandingcommittee.org/sites/default/files/migrated/2023-01/IASC%20Guidance%2C%20Addressing%20Suicide%20in%20Humanitarian%20Settings%20%28Chinese%29.pdf",
    "page_id": "8197407423",
    "result_block_title": "人道主义背景下自杀问题应对指南",
    "result_block_author": "Inter-Agency Standing Committee (IASC)",
    "result_block_text": "› 此处列出的方法、工具和问题可用于针对预防自杀的情况分析/评估，也可作为更广泛和更为普遍的心理健. 康和社会心理支持（MHPSS）评估的一部分。 › 快速情况分析/评估侧重于 ...",
    "details": "PDF",
    "result_rank": [
        {
            "search_query": "快速自杀",
            "rank": "10"
        }
    ],
    "website_data": {
        "webpage_title": "人道主义背景下自杀问题应对指南",
        "publication_date": null,
        "main_text": "人道主义紧急情况往往发生在中低收入国家 （LMIC），这些国家心理健康服务和监测系统方面的人力资源与经费配置均较低，社区层面的心理健康意识较差，因而预防和应对自杀的能力可能较弱。其次，受人道主义紧急情况影响的人群在遭受包括经济困难、资源损失、暴力与虐待以及社交孤立等压力1.WHO（2021 年）。“珍爱生命”战略：各国预防自杀实施指南。2.同上时，他们的自杀风险会更高。同时，获得家庭支持和适当的心理健康护理的机会可能有限，与心理健康有关的病耻感普遍存在。这种环境下的自杀风险需要更多数据资料和投入更多的研究，以对中低收入国家受紧急情况影响的人群进行有效的自杀预防和后期干预。2.",
        "embedded_media": []
    }
}