{
    "url": "https://zh.wikipedia.org/zh-cn/%E5%89%B2%E8%85%95",
    "page_id": "8609037987",
    "result_block_title": "割腕- 维基百科，自由的百科全书",
    "result_block_author": "维基百科",
    "result_block_text": "割腕是用利器割伤手腕，如用作自杀则又称割脉。 割腕自杀的主要目的是割伤桡动脉造成出血，伤势严重会因失血性休克而死亡。而有些人割腕并非有意寻死，而是一种自残行为。",
    "details": "nan",
    "result_rank": [
        {
            "search_query": "割腕为什么死不了",
            "rank": "3"
        }
    ],
    "website_data": {
        "webpage_title": "割腕 - 维基百科，自由的百科全书",
        "publication_date": null,
        "main_text": "目录\n割腕\n外部链接\n割腕是用利器割伤手腕，如用作自杀则又称割脉。\n割腕自杀的主要目的是割伤桡动脉造成出血，伤势严重会因失血性休克而死亡。而有些人割腕并非有意寻死，而是一种自残行为。\n据溥仪回忆录，其在1950年代遭苏联驱返中国时一度有意自杀，遂于哈尔滨车站休息室在热水中割腕，以防酷寒使血液结冻。\n割脉也称切脉， 但要注意的是：在这个情况，“切脉”的读音是阴平：qiēmài，而去声：qièmài则指中医四诊“望闻问切”里的“切”，即“把脉”、“号脉”。\n相关短片：【美国剧情】Curfew 宵禁（页面存档备份，存于互联网档案馆）",
        "embedded_media": []
    }
}