{
    "url": "https://zhidao.baidu.com/question/51172329.html",
    "page_id": "9968944052",
    "result_block_title": "一个人，从30层楼上跳下来为什么没死?",
    "result_block_author": "百度知道",
    "result_block_text": "坠楼身亡的人痛苦吗3 1、人坠楼时是瞬间死亡么？会感到疼痛么？ 我觉得人坠楼就看跌到身体什么位置]，若是头触地可能会瞬间死亡，不会有知觉，大脑没有反应了。 若是其它部可能 ...",
    "details": "2017-07-26 00:00:00",
    "result_rank": [
        {
            "search_query": "30楼跳下去会立即死亡吗",
            "rank": "2"
        }
    ],
    "website_data": {
        "webpage_title": "一个人 ，从30层楼上跳下来为什么没死?",
        "publication_date": null,
        "main_text": "哈哈，他从楼梯一个一个台阶跳下来的，不过估计也累个半死2008-04-17跳到哪了",
        "embedded_media": []
    }
}