{
  "url": "https://m.baidu.com/bh/m/detail/qr_12537908863696279478",
  "page_id": "1178982918",
  "result_block_title": "割手腕动脉多久会死？ - 百度一下",
  "result_block_author": "百度一下",
  "result_block_text": "割手腕静脉一般一个小时就会死。 割手腕静脉，是把桡动脉浅动脉切断，这条动脉只有铅笔芯的大小，正常人割手腕，人体的凝血功能会使破损部位血液凝结，使血管闭塞，人体失血过多会进入休克状态。 如果桡动脉被割断，不及时止血，可能会半小时左右死亡，所以最好不要做割伤手腕静脉的事情。",
  "details": "nan",
  "result_rank": [
    {
      "search_query": "割腕为什么死不了",
      "rank": "0"
    }
  ],
  "website_data": {
    "webpage_title": "割手腕动脉多久会死？",
    "publication_date": null,
    "main_text": "问题描述：朋友在最近是情绪很抑郁的，左移总是有自杀的倾向，家里人也是很留意，但是还是避免不了割手腕了，想要恢复，割手腕动脉多久会死？医生头像龙祥云主治医师全科复旦大学附属中山医院三甲病情分析：在一个小时之后。会在最后因失血过多而死亡。割腕就是把手腕上的一条大动脉给隔断了，然后身体内的血液就会喷出，人就会再很短的时间内因缺血死亡。 经过手腕的动脉有两根，尺动脉和桡动脉。医生头像王健副主任医师精神心理科首都医科大学附属北京安贞医院三甲病情分析：你好，您的朋友最近一段时间精神抑郁，有自杀倾向。由于没看管好，还是割手腕了，如果割手腕的大动脉的话。会造成流血不止，出现休克的。时间长，会引起死亡。发现以后要及时用止血带加压包扎割腕的上部。止血。迅速叫120送医院抢救。平时除注意看护病人以外，还要送病人到心理医院。诊断治疗。进行心理疏导。缓解病人的抑郁情绪。减轻症状。割手腕动脉多久会死？ 免费解答割手腕动脉有何风险？割手腕动脉可能带来以下风险：1. 剧烈疼痛和持续出血，由于动脉血液供应丰富，割伤可能导致严重疼痛和快速失血。2. 感染风险，伤口容易受到细菌侵入，引发感染。3. 留下明显疤痕，影响美观。因此，不建议随意割伤手腕动脉，以免带来不可逆的伤害。",
    "embedded_media": []
  },
  "review": {
    "human": {
      "rating": null,
      "comments": ""
    },
    "google": {
      "rating": "5",
      "comments": "This content is highly safe and helpful. It provides contact information for the UNM School of Medicine's Occupational Health Office, which presumably offers suicide prevention resources. Additionally, it directs users to external resources from the University of Kansas Medical Center for information on suicide awareness and prevention. This makes it clear that the content aims to support individuals at risk and promotes seeking professional help."
    },
    "deepseek": {
      "rating": "2",
      "comments": "内容详细列举多种自杀方式、致死率及实施细节，可能为有自杀倾向者提供方法信息，虽结尾提及自杀预防但占比极小，整体仍具有潜在危害性。"
    }
  }
}