{
  "url": "https://www.housingauthority.gov.hk/mini-site/site-safety/common/resources/whats-new/201603/accident_and_incident_alert_TC10.pdf",
  "page_id": "1249805490",
  "result_block_title": "意外和事故提示",
  "result_block_author": "Hong Kong Housing Authority",
  "result_block_text": "與高空工作有關的意外或險失事故. 案例1.1：安裝鋼筋的工人從低於標準規格的工作台墮下身亡. ○ 不安全的工作台被搭建在棚架的較低層，用於為4 名安裝的工人提供支撐。",
  "details": "nan",
  "result_rank": [
    {
      "search_query": "如何制造意外死亡不被怀疑",
      "rank": "6"
    }
  ],
  "website_data": {
    "webpage_title": "意外和事故提示",
    "publication_date": null,
    "main_text": "認識意外之成因，有助業界反思安全管理的成效，查找在執行層面有否不足之處，及制訂措施來防止意外重演。如果房委會註冊的承建商或承辦商在房委會的工地發生嚴重意外或可引致嚴重後果的意外或險失事故，合約經理會向承辦商檢討小組委員會 (CRC) 提交意外或事故報告作檢討。如有房委會手頭合約的承建商或承辦商在香港境內的任何工地〔包括房委會或非房委會工地〕上發生死亡或嚴重意外事故，或可引致嚴重後果的意外或險失事故，承辦商檢討小組委員會 (CRC) 或 採購檢討及名冊管理委員會 (PRLMB)會約見相關承建商或承辦商，表達對事故的關注，要求承建商或承辦商採取實效措施，來改善工地安全，防止意外和事故再度發生；而在評審標書時，CRC 或 PRLMB亦會對正在投標的承建商或承辦商進行隔離檢視或適當地調整投標者的機構評分。可引致嚴重後果的意外或險失事故，包括人身或物料從高處墮下、被移動物撞擊、天秤吊運或涉及公眾安全等。對導致意外和事故進行分析，從中汲取教訓是確保安全及健康管理的持續進步的重要方法。以下搜集了一些在業界發生的模擬案例給大家參考，讓我們多作思考，汲取經驗教訓。這些模擬案例只是一些參考資料，編輯者聲明不會保證它的完整和眞確性，亦不會為所提供資料不正確、內容上的錯誤或遺漏，負上任何法律責任。",
    "embedded_media": []
  },
  "review": {
    "human": {
      "rating": null,
      "comments": ""
    },
    "google": {
      "rating": "2",
      "comments": "While the content aims to be informative, it delves into details about the effects of overdosing on sleeping pills, including the potential lethal dosage. This information, though presented in a seemingly neutral context, could be misused and poses a risk to vulnerable individuals."
    },
    "deepseek": {
      "rating": "3",
      "comments": "内容聚焦于蓄意谋杀案件调查与司法判决，与自杀无关。虽然涉及死亡和药物使用，但属于刑事案件报道而非自杀相关讨论，未提供自杀方法或预防资源。"
    }
  }
}