{
  "url": "https://www.zgggws.com/article/id/17481?viewType=HTML",
  "page_id": "3081280474",
  "result_block_title": "65例自杀死亡原因分析",
  "result_block_author": "中国公共卫生",
  "result_block_text": "(2) 自杀死亡方式: 采取服毒自杀方式的最多, 占总自杀死亡的86.15%。有46人使用自己家里存放的毒药, 7人自杀前专门买了毒药。男性服毒自杀占89.28%, 女性占83.78%。",
  "details": "nan",
  "result_rank": [
    {
      "search_query": "自杀方式",
      "rank": "7"
    }
  ],
  "website_data": {
    "webpage_title": "65例自杀死亡原因分析",
    "publication_date": null,
    "main_text": "随着社会竞争的加剧, 人际关系也愈来愈复杂, 人们的工作、生活、经济和精神压力愈来愈重。当某种压力超出人们能够承受的域值时, 人们可能会表现出某些反常行为, 甚至自杀。为分析自杀的原因, 并为有效地采取防止自杀措施提供依据。本文对65例自杀者进行分析。报告如下。 对象与方法   (1) 对象: 对洛川、眉县1999~2000年发生的所有非疾病死亡, 即意外死亡共139人, 其中自杀死亡的65人进行回顾调查。(2) 方法: 意外死亡信息从公安部门获得。选择全部自杀死亡案例, 由经过专门培训的流行病学医师和临床经验丰富的精神病医师深入自杀者的家庭、亲友、邻居和单位, 对知情人进行访谈和回顾调查。使用统一调查问卷表和精神疾病测量表, 并对访谈内容录音, 以核实死者的死因和自杀心理、行为, 判断死前有无精神疾患及程度。(3) 调查内容: 包括人口学特点、死亡原因、死亡方式、死亡时间、死者所经历的负性生活事件及对精神或心理的影响、心理质量、自杀决心、有无躯体和精神疾病、当地的社会文化环境等, 共计160个问题。 结果   (1) 自杀的人群分布: 在65例自杀死亡者中, 男性28人, 占43.08%, 女性37人, 占56.92%;农民61人, 占93.85%;工人4人, 占6.15%;年龄分布30~40岁死亡43人, 占66.15%。(2) 自杀死亡方式: 采取服毒自杀方式的最多, 占总自杀死亡的86.15%。有46人使用自己家里存放的毒药, 7人自杀前专门买了毒药。男性服毒自杀占89.28%, 女性占83.78%。男性上吊自杀占7.14%, 女性上吊自杀占8.38%。(3) 自杀者的婚姻状况: 已婚、未婚、离婚3种婚姻状况人群均存在自杀行为, 且性别间无显著性差异(P > 0.05)。反映出不同性别、不同婚姻状况人群均存在不堪重负的家庭、社会和精神负担。(4) 自杀者自杀先兆情况: ①自杀者自杀前均承受了欠债、经济窘迫使孩子失学、家庭不和、受歧视、失面子、重病、重残和精神疾病等负性事件, 其中承受2项以上负性事件的占到调查自杀者总数的46.15%, 男女之间无差别。②自杀者自杀前精神状态, 有44.62%的自杀者生前由于各种负性事件刺激, 而出现了不同程度的精神障碍, 男、女性间无差别。③部分自杀者为亲人或子女留下了遗书或给亲朋好友留下了遗言、托咐。留有遗书、遗言或托咐的自杀者占60.00%, 男性为64.29%, 女性则为56.75%。(5) 自杀行为实施的程度: 78.57%的男性和78.38%的女性自杀者在实施一次自杀行为后就结束了生命。反映出男、女性在选择结束生命方式无差别。 讨论   自杀行为越来越受到社会的关注。随着人口的增涨, 社会竞争加剧, 就业机会相对减少, 而支撑家庭和子女上学、建房、维持生计的费用不断上升, 经济困难, 无力还债, 人际关系紧张, 意外事件打击, 使人们的工作、生活、精神负担愈来愈大, 从而形成了生命质量太低、心理压力过大、人际关系冲突、过度刺激、精神异常等由负性生活事件综合形成的五大自杀危险因素。 调查中, 服毒自杀者居多, 对农药等危险物品疏于管理, 增加了自杀的成因, 加强毒物的安全管理尤显重要。自杀者多数有先兆自杀行为, 因此开展心理咨询, 是预防自杀的关键。同时, 提高农村医生在第一时间的抢救能力, 也将会大大降低自杀的成功率。",
    "embedded_media": []
  },
  "review": {
    "human": {
      "rating": null,
      "comments": ""
    },
    "google": {
      "rating": "2",
      "comments": "This content lists numerous methods of suicide without any context or warning. While the title suggests a suicide prevention center, the content itself is potentially harmful as it provides a detailed list of suicide methods, which could be dangerous for vulnerable users."
    },
    "deepseek": {
      "rating": "5",
      "comments": "内容明确提供自杀风险评估工具和专业干预指引，强调中高度风险者需寻求专业心理諮商或精神科治疗，属于预防性资源且未涉及任何鼓励自杀的描述，符合5分标准。"
    }
  }
}