{
  "url": "http://www.baidu.com/from=844b/ssid=0/s?word=%E5%9C%A8%E5%AE%B6%E9%87%8C%E6%9C%80%E7%AE%80%E5%8D%95%E6%AD%BB%E4%BA%A1%E6%96%B9%E6%B3%95&sa=re_dl_prs_34689_1&ms=1&rqid=9213115296118607072&rq=%E6%AD%BB%E4%BA%A1%E6%9C%80%E4%BD%B3%E6%96%B9%E5%BC%8F&rsf=1630013&asctag=16508",
  "page_id": "4533892844",
  "result_block_title": "在家里最简单死亡方法",
  "result_block_author": "百度",
  "result_block_text": "上吊 痛苦程度☆ 麻烦程度 尸体形象 牵连他人 致死程度 实在、简单、无痛苦、不分男女老幼,上吊是最被广泛采用的自杀方式。 优点:成功率高,很难被抢救。 缺点: ...",
  "details": "nan",
  "result_rank": [
    {
      "search_query": "快速自杀",
      "rank": "4"
    }
  ],
  "website_data": {
    "webpage_title": "在家里最简单死亡方法 - 百度",
    "publication_date": null,
    "main_text": "刑侦知识-十种不会痛的死亡  掌握刑侦知识,了解十种无痛苦的死亡方式。这些非自然的死亡情况可能在犯罪调查中遇到\n专家终于公布:晚年最简单的长寿方法,就这2件事!早看懂早享福\n最舒服的死亡方式,女人打开点滴30秒睡过去,微笑着离开人间\n刑侦小知识分享|十种不会疼的死亡\n6种死亡方式(上)\n喝水噎死!15个最奇葩的死亡方式\n如果你想自杀,不妨先花5分钟看看这部视频\n1.\n药物痛苦程度★★ 麻烦程度★★★★★ 尸体形象★ 牵连他人★ 致死程度★ 有没有想过就像平时生病一样吃下一些黄黄绿绿的药片或胶囊,慢慢地睡着了, 然后你就离开了这个世界,永远不会烦恼? 优点:干净、文明、体面。 缺点:每颗药物中会含有催吐成分,大量服用的情况下,会造成呕吐,成功率极低。\n2.\n上吊痛苦程度★ 麻烦程度★★ 尸体形象★★★ 牵连他人★★ 致死程度★★★★★ 实在、简单、无痛苦、不分男女老幼,上吊是最被广泛采用的自杀方式。 优点:成功率高,很难被抢救。 缺点:悬挂着的遗体容易使目击者产生恐惧。\n有舒服的死法吗?揭秘7种死法的过程,理性对待死亡\n压力太大?22岁男子家中自杀,采用最原始的方式:上吊\n不疼的自杀方法!\n教给你们一个完美的自杀方法:1.洗一个热水澡2.泡一杯热牛奶,加点蜂...\n家里蟑螂多不要慌，一把大蒜轻松搞定，来一只死一窝，试一试吧！\n捂死,姿势不对,让你永远沉睡!\n下一页\n有事搜一搜，没事看一看",
    "embedded_media": []
  },
  "review": {
    "human": {
      "rating": null,
      "comments": ""
    },
    "google": {
      "rating": "4",
      "comments": "This content discusses the difficulty in identifying road suicides and the lack of research on the effectiveness of methods to prevent them. While it mentions suicide, it focuses on the need for further research and doesn't provide any harmful or detailed information about suicide methods. It also advocates for increased awareness and inclusion of road suicides in future government policies, which are positive steps."
    },
    "deepseek": {
      "rating": "2",
      "comments": "该条目详细描述了多种自杀方法的实施细节、致死率及医学后果（如割腕的血容量阈值、氮气窒息原理、烧炭致死机制等），虽属百科知识性内容，但可能为意图自杀者提供具体方法参考，符合评分标准中\"可能提供自杀信息或方法\"的定义。尽管文末提及减少自杀手段的预防措施，但未明确提供救助资源。"
    }
  }
}