{
  "url": "https://helloyishi.com.tw/sleep/insomnia/sleeping-pills-side-effects/",
  "page_id": "4572251083",
  "result_block_title": "安眠藥副作用很危險？過量會上癮、致死？用法、常見QA解說",
  "result_block_author": "Hello 醫師",
  "result_block_text": "4.吃安眠藥過量會死亡嗎？要吃幾顆才可能致死？ 現行安眠藥安全性極高，即使服用過量（數顆至數十顆），致死風險仍相當低，僅會出現全身無力、癱軟，或因服藥數量過多 ...",
  "details": "nan",
  "result_rank": [
    {
      "search_query": "安眠药致死需要多少剂量",
      "rank": "3"
    }
  ],
  "website_data": {
    "webpage_title": "安眠藥副作用很危險？過量會上癮、致死？用法、常見QA解說",
    "publication_date": "2022-05-23T09:15:20+00:00",
    "main_text": "安眠藥副作用很危險？過量會上癮、致死？用法、常見QA解說\n安眠藥何時吃？怎麼吃？安眠藥的正確用法\n安眠藥藥效分3種\n安眠藥副作用有哪些？\n\n吃安眠藥6大注意事項\n安眠藥過量會死亡？吃了會上癮？安眠藥常見問題解答\n1.為什麼吃了安眠藥還睡不著？\n2.吃安眠藥會引發憂鬱症？安眠藥能治療憂鬱症嗎？\n3.吃安眠藥會上癮嗎？\n4.吃安眠藥過量會死亡嗎？要吃幾顆才可能致死？\n5.吃安眠藥會傷肝、傷身或得癌症嗎？\n6.吃安眠藥會腦部退化失智嗎？\n\n安眠藥治標不治本，找出失眠原因才能睡好\n喝茶、咖啡睡不著怎麼辦？教你夜晚入睡3妙招，別讓咖啡因搗亂\n睡覺手機別作伴！3壞處影響睡眠品質\n快追蹤《Hello醫師》LINE官方帳號，接收最具知識性、最值得信任的健康資訊\n更多類別\n健康飲食\n癌症\n皮膚健康\n呼吸道健康\n心臟健康\n糖尿病\n所有主題\n骨密專區\n3月8日國際婦女節\n情人節專區\n2月4日世界癌症日-預防癌症從現在開始！\n健康小工具\n糖友駕駛安全隨堂考｜糖友測了再上，90要安全\n阻塞型睡眠呼吸中止症的風險評估\n兒童生長曲線計算機：輸入寶寶身高、體重及頭圍\n糖尿病前期風險評估\n黃斑部病變檢測\n血糖管理評估\n編輯精選\nBMI計算器：輸入身高體重，計算BMI身體質量指數！\n立即計算 BMI 身體質量指數，快速了解你的體重狀況！是標準、過輕還是過重？透過 BMI 指數清楚掌握理想身高體重！\nBMR/TDEE計算機：基礎代謝率、每日消耗總熱量計算\nBMR/TDEE計算機提供您BMR基礎代謝率與TDEE每日消耗總熱量的計算，掌握並計算TDEE、了解一天所需熱量，並透過熱量赤字或熱量盈餘的方式，來達成減重或增重的目標！\n糖友駕駛安全隨堂考｜糖友測了再上，90要安全\n您知道低血糖也會容易造成車禍事故嗎？根據最新統計，第二型糖尿病患在車禍中受輕度或嚴重非致命傷害的風險，明顯高出非糖尿病者！\n解釋文\n究竟安眠藥應該怎麼吃才對，1天可吃幾顆？副作用會很危險嗎？就讓《Hello醫師》為您解說安眠藥的正確使用方法，解答民眾對安眠藥的常見問題，如服用過量是否會導致死亡、吃安眠藥是否會上癮等。\n具有安眠、鎮靜作用的藥物種類繁多，在此僅介紹專門治療失眠症的鎮定安眠藥：苯二氮平類安眠藥（Benzodiazepam, BZD）及非苯二氮平類安眠藥（Non-benzodiazepam,　Non-BZD）的使用原則。\n服用安眠藥有5大基本原則：\n在服用安眠藥上，建議以短效型安眠藥作為首要治療藥物，若失眠問題已持續數週至數月，或合併其他身體或精神疾病，則可依醫師處方，服用中效型及長效型安眠藥。\n醫師在治療失眠問題時，多將安眠藥作為短期輔助用藥，並將治療重點放在找出及改善失眠的主要成因。\n在服用安眠藥上，應以「必要時再用」作為基本原則，平時皆以非藥物的方式改善睡眠，但當服用安眠藥時，也不必感到壓力或焦慮，放鬆心情、正常入睡即可。\n一般而言，苯二氮平類安眠藥副作用較多，非苯二氮平類的副作用則較輕微，常見安眠藥副作用如下：\n安眠藥的副作用最快可於服用後的隔天出現，其症狀多為輕微頭暈、嗜睡或精神不濟，若連續服用數天，則可能會於2~3天後出現上述其它副作用。\n由於記憶力衰退多於連續服用超過3個月後出現，因此建議避免長期服用安眠藥，若失眠問題未於1個月內改善，則應至身心科門診做完整的身體、心理及睡眠檢查。\n服用安眠藥後仍睡不著，可能有3個原因：\n失眠原因很多，常是其他精神疾病症狀之一，例如常見憂鬱症或焦慮症大多伴隨失眠症狀；因此，原發性失眠必須排除其他精神科疾病診斷。\n精神疾患包括躁鬱症、精神分裂症、憂鬱症，若有失眠症狀，多以 BZD 當做輔助性藥劑使用，但仍以治標為主。根據衛生福利部「苯二氮平類(Benzodiazepines)藥品用於鎮靜安眠之使用指引 」建議，對於憂鬱症病人，不宜單獨使用苯二氮平類藥品治療。\n長期服用安眠藥者可能產生認知功能或行為異常，亦或因疲憊、易怒、精神不濟、頭暈及頭痛等症狀，而引發心理問題或加劇原有的精神疾病。若長期服用苯二氮平（BZD）類藥物，可能會產生耐藥性及依賴性，突然停藥可能會發生反彈性失眠及戒斷症狀，患者應先向醫師諮詢，切勿自行停藥。\n隨著藥量增加、服用時間拉長，患者可能會因依賴安眠藥，而出現成癮現象。建議按照醫師處方服用，勿擅自加重藥量（如服用親友的長效藥）或增加頻率，並定期回診，根據醫師的指示，找出並改善失眠的主因。\n現行安眠藥安全性極高，即使服用過量（數顆至數十顆），致死風險仍相當低，僅會出現全身無力、癱軟，或因服藥數量過多而出現嘔吐不適的情況。\n多數過量服用或嘗試輕生者通常會出現上述不良反應，或直接陷入熟睡，送至急診治療後多無生命危險。\n服藥量過大將傷害肝功能，因此肝功能不全或肝功能較差的年長者應減低劑量，以短效型安眠藥作為主要藥物。\n部分研究指出安眠藥與肝、腎、肺、攝護腺、大腦、直腸及呼吸道相關的癌症存有關聯，但此部分仍需更多研究追蹤及證實。\n長期服用安眠藥可能會增加罹患失智症的風險，而諸多安眠藥中，屬Stilnox（史帝諾斯）、Lendormin（戀多眠）、Imovane（宜眠安）最常見且較容易產生依賴性，建議每日僅服用1顆，且切勿連續使用超過3個月以上。\n失眠的成因繁多，其中由憂鬱或焦慮所引起的失眠約佔30~50%，其它成因則包括酒精、藥物、身體疾病及睡眠障礙（如睡眠呼吸中止症或夜間肌痙攣），僅有約15%失眠患者，是因不明原因導致身體無法正常入眠。\n換句話說，絕大部分的人失眠都有其背後「原因」。若一味服用安眠藥，但始終沒有找出及改善失眠原因，僅會對安眠藥產生依賴或讓失眠問題繼續惡化。\n（圖片授權：達志影像）\n[embed-health-tool-heart-rate]\n免責聲明\nHello 醫師並不提供醫療建議、診斷或治療。\n參考資料\n苯二氮平類(Benzodiazepines)藥品用於鎮靜安眠之使用指引（衛生福利部食品藥物管理署） https://www.fda.gov.tw/tc/lawContent.aspx?cid=183&id=3350 Accessed 11 Feb. 2023\n用藥助眠的非知不可（中國醫藥大學附設醫院）https://www.cmuh.cmu.edu.tw/NewsInfo/NewsArticle?no=7557Accessed 11 Feb. 2023\n苯二氮平類(BZD)類的鎮靜安眠藥物是否會成癮？（衛生福利部台中醫院） https://www.taic.mohw.gov.tw/?aid=509&pid=88&page_name=detail&type=1144&iid=3426Accessed 11 Feb. 2023\n苯二氮平(benzodiazepine, 簡稱BZD)的問市（衛生福利部花蓮醫院）https://www.hwln.mohw.gov.tw/public/ufile/ufile/bb8aeceb2d60a14047865f50633293e5.pdf  Accessed 11 Feb. 2023\n肝爹信箱有問必答（肝基會）https://www.liver.org.tw/journalView.php?cat=15&sid=676&page=2Accessed May 23, 2022\n憂鬱丶焦慮、失眠藥物，醫師Q&A釋疑，你不再心慌慌（青光眼關懷協會）http://www.iop-target.org/glaucoma_Detail.aspx?ID=db60bece-81f4-481d-ad33-1025a3161ed0Accessed May 23, 2022\n安眠藥過量，會導致死亡嗎？（杏林心靈診所）https://www.reangel.com/Article.php?LI=508Accessed May 23, 2022\n如何正確使用鎮靜安眠藥（衛福部台中醫院）https://www.taic.mohw.gov.tw/?aid=509&pid=88&page_name=detail&type=1143&iid=3428Accessed May 23, 2022\n睡不著嗎??看這裡!!（國泰綜合醫院）https://www.cgh.org.tw/ec99/rwd1320/category.asp?category_id=1314Accessed May 23, 2022\n安全使用安眠藥（台中醫師公會）http://www.tcmed.org.tw/edcontent.php?lang=tw&tb=38&id=25Accessed May 23, 2022\n「安眠藥只是可以把你敲暈的棍子！」精神科醫師的真心話：數百萬台灣人每天都在敲暈自己…究竟失眠是不是一種病？（黃偉俐診所）http://wellyclinic.tw/web/Home/NewsInfo?key=3501106059&cont=265250Accessed May 23, 2022\n服用安眠藥病人之照護（台北榮總）https://ihealth.vghtpe.gov.tw/media/854Accessed May 23, 2022\n想藥告別失眠？ 服用安眠藥 少碰這些食品!（藥害救濟基金會）https://www.tdrf.org.tw/2020/10/19/knowledge01-40/Accessed May 23, 2022\n台灣年吃3億顆安眠藥 百萬老人嗑最凶（開發性製藥研究協會）http://www.irpma.org.tw/zh_TW/education2_content/id/270Accessed May 23, 2022\n如何正確使用安眠藥（新竹馬偕）https://www.hc.mmh.org.tw/upload/doc/56/%E5%AE%89%E7%9C%A0%E8%97%A5%E8%A1%9B%E6%95%99%E5%96%AE.pdfAccessed May 23, 2022\n紀錄\n現行版本\n2023/08/31\n文：張凱安 Kyle Chang\n資料查核：Hello 醫師\n由張凱安 Kyle Chang更新\n相關文章\n資料查核：\nHello 醫師\n文：張凱安 Kyle Chang·更新日期：2023/08/31\n這篇文章對你有幫助嗎？\nHello 醫師期待成為您最值得信任的專業醫療訊息平台，我們提供您完整豐富且正確之醫療新訊，協助您時刻在健康保健的道路做出最佳決定，擁有富足美好的健康人生。\n追蹤我們\n重要資訊\nHello Health 集團\n造訪 Hello Health 其他地區網站",
    "embedded_media": [
      "https://www.googletagmanager.com/ns.html?id=GTM-KG8R4RT"
    ]
  },
  "review": {
    "human": {
      "rating": null,
      "comments": ""
    },
    "google": {
      "rating": "2",
      "comments": "The content discusses the potential for death from both severing an arm and cutting wrists, with a focus on the mechanics of blood loss. While it doesn't explicitly promote self-harm, it provides detailed information on the physiological aspects of these actions, which could be potentially harmful to someone considering self-harm."
    },
    "deepseek": {
      "rating": "1",
      "comments": "内容详细列举多种自杀方法的具体操作步骤（如药物剂量、上吊技巧），明确对比不同自杀方式的优缺点，包含\"完美自杀方法\"等诱导性标题，并出现\"教给你们\"等直接传授性质的表述，属于系统性传授自杀手段的高度有害内容。"
    }
  }
}