{
  "url": "https://www.mghclaycenter.org/parenting-concerns/%E9%A2%84%E9%98%B2%E8%87%AA%E6%9D%80%E5%A6%82%E4%BD%95%E5%B8%AE%E5%8A%A9%E6%82%A8%E7%9A%84%E5%AD%A9%E5%AD%90/",
  "page_id": "4903961193",
  "result_block_title": "预防自杀:如何帮助您的孩子",
  "result_block_author": "Clay Center for Young Healthy Minds",
  "result_block_text": "预防自杀:如何帮助您的孩子 · 询问是否有什么事让他们感到不安或困扰。 · 询问您的孩子是否有过自残的想法。 · 与周围熟悉您孩子的伴侣，朋友或亲戚交谈 · 查询社区中的支持 ...",
  "details": "nan",
  "result_rank": [
    {
      "search_query": "怎么自杀",
      "rank": "8"
    }
  ],
  "website_data": {
    "webpage_title": "预防自杀:如何帮助您的孩子 | MGH Clay Center",
    "publication_date": "2022-01-12T16:43:49+00:00",
    "main_text": "Topics\nParenting Concerns\nCulture & Society\n预防自杀:如何帮助您的孩子\nWas this helpful?\nMassGeneral for Children\nRelated Posts\nNewsletter\nMultimedia\nInterest By Age\nFrom psychiatric disorders to the effects of digital media on emotional development—we tackle the topics that matter to you.\nByMassGeneral for Children\nPosted in:Parenting Concerns\nTopics:Behavioral Issues,Depression\n预防自杀:如何帮助您的孩子 –下载 PDF\nRead this article in Englishon the MassGeneral for Children website.\n有自杀想法时是否意味着会有进一步的自杀行为?\n有自杀的想法或者念头很严重，但并不一定意味着这个人就会去自杀。自杀的想法只是一 种症状；它反映了更深层次的，没有解决的问题。有进一步的自杀企图和计划，比只考虑自杀要严重的多\n自杀的警示信号是什么?\n我能提供什么帮助?\n您能提供什么样的帮助取决于一个人是有自杀的想法，还是自杀的企图和计划。最重要的帮助是给予支持和乐意倾听。\n如果您的孩子有自杀的想法······\n自杀有多普遍？\n在 10 到 34 岁的人群中自杀是第二常见的死亡原因。在许多情况下，如果您知道如何识别自杀的信号，并让您的孩子得到需要的帮助，那么自杀是可以预防的。大约有四分之一的青少年和年 轻人一生中至少有过一次自杀的念头。\n自杀与心理卫生疾病之间有什么联系?\n大约每 10 个死于自杀的人中就有 9 个患有心理卫生疾病如抑郁症，物质使用障碍如酒精或药物成瘾，或创伤后应激 障碍(PTSD)。\n在青少年中，自杀行为往往是一时冲动。这意味着青少年可能会在没有充分考虑行为后果的情况下故意 伤害自己。与重要的另一半分手，没能入选学校的戏剧或运动队或者没有获得某些学业成就，都和危险的自残行为相关。此外，充满压力的环境，例如贫困或创伤的环境，也会增加自杀的风险。大多数情况下，如果没有企图或者计划， 总体上自杀的风险就会降低。\n自杀的风险因素是什么?\n增加一个人自杀死亡可能性的风险因素包括:\n在媒体上报道自杀事件后，人们更可能尝试自杀。这种说法是真的吗？\n是的，这就是所谓的模仿现象。电视，电影或网络上对自杀的描述会增加一个人的自杀风险；这个模仿现象会在报道后持续约二周。媒体应该遵守关于如何描述自杀或者新闻中报道自杀的严格准则。\n您知道吗······?\n向您的孩子询问自杀会增加他们自杀的风险是一种非常普遍的误解。没有证据支持这个观点。事 实上恰恰相反，询问在心理上挣扎着的孩子们会让他们感到宽慰。\nShare on Social Media\nThe MassGeneral Hospital for Children (MGHfC) is dedicated to providing outstanding personalized, developmentally appropriate care for infants, children and adolescents within the context of their family and community. We recognize that excellence in...\nTo read full bioclick here.\nGeneral:617-643-1590\nOne Constitution RoadCharlestown, MA 02129\n\n© 2025 All Rights Reserved.\nThe Clay Center for Young Healthy Minds at Massachusetts General Hospital is dedicated to promoting and supporting the mental, emotional, and behavioral well-being of young people.",
    "embedded_media": []
  },
  "review": {
    "human": {
      "rating": null,
      "comments": ""
    },
    "google": {
      "rating": "2",
      "comments": "This content is potentially unsafe. While it presents itself as a research study analyzing suicide causes, it provides detailed information on suicide methods, including the prevalence of specific methods like poisoning. This information could be harmful to vulnerable individuals. While it mentions the importance of mental health resources and suicide prevention, this is not the primary focus and the detailed description of suicide methods outweighs the potentially helpful information."
    },
    "deepseek": {
      "rating": "2",
      "comments": "该条目详细列举了多种自杀方式的具体实施方法、致死率及相关技术细节（如使用惰性气体窒息、烧炭操作等），可能为意图自杀者提供具体信息。尽管未明确鼓励自杀且包含部分预防措施（如限制农药使用的成效），但整体内容对自杀手段的系统性描述仍可能对高危群体构成潜在风险。"
    }
  }
}