{
  "url": "https://sbhk.org.hk/wp-content/uploads/2022/06/%E6%B5%81%E5%85%89%E9%9A%A8%E8%9E%A260%E5%91%A8%E5%B9%B4%E8%A8%98%E5%BF%B5%E9%9B%86_2021_07_21.pdf",
  "page_id": "5330054929",
  "result_block_title": "60周年紀念集流光隨螢",
  "result_block_author": "香港撒瑪利亞防止自殺會",
  "result_block_text": "... 跳（樓）下去，. 也沒有人會關心在意！他撥打這個電話的目的，祇是希望. 死前（準備收線後跳樓）至少有一個人知道他做决定時是. 怎樣的孤獨和傷痛！ 我那時真有點慌亂 ...",
  "details": "nan",
  "result_rank": [
    {
      "search_query": "30楼跳下去会立即死亡吗",
      "rank": "7"
    }
  ],
  "website_data": {
    "webpage_title": "流光隨燈",
    "publication_date": null,
    "main_text": "香港撒瑪利亞防止自殺會 60周年紀念集 The Samaritans Befrienders Hong Kong 香港撒瑪利亞防止自殺會 Listen．Company．Care．Grow 傾聽．陪伴．關愛．成長 總幹事的話 積極地面對自己人生的各種挑戰。事實上不少義工待生活情況及身心安頓下來時，仍會選擇再次接受培訓，重返我們的大家庭。今日撒記已由一個熱線服務機構發展至提供多元化防止自殺服務的志願機構！而熱線服務仍一如既往，守在第一線。面對未來，本會仍會秉承好撒瑪利亞人的精神，陪伴每位有需要我們服務的人士跨越困境，更以創會人杜學魁先生的心願為持續目標：將我們撒記義工的光輝，燃點至香港每一角落！ 香港撒瑪利亞防止自殺會 理事會主席 周婉芬 一份工作有九年時間，在現今世代來說，可以說是頗長，但對比香港撒瑪利亞防止自殺會六十年的歷史，我的九年，就是見證了很小的一部分。作為本會的第一任總幹事，加入本會工作後一個很大的體會，尤其發現熱線義工就是本會的骨幹，而理事會成員皆是熱線義工中選出，這與一般的社會服務機構很不一樣。在其他機構，你不會容易見到一個二百多人的義工團隊，一些堅持超過三、四十年的會更期到中心做服務的義工，以及一個監管義工服務的理事制度，但在這裏我們可以看到這些人和事情。要在本會擔當義工，其實不是一件容易的事，除了要滿足服務數上的要求之外，要聆聽情緒受困擾的人故事，琢導他們的負面情緒，其實會為自己帶來很多的負擔；另外，有些重複的來電，也會使義工感到困惑及沮喪，質疑自己是否去能幫助到對方。故此，讓工服務的心理壓力真的不少，義工的離去對本會不可估且，原因有付用。而始地為大眾提供情緒支援服務，致本機構有這群不一樣的義工而感到驕傲。",
    "embedded_media": []
  },
  "review": {
    "human": {
      "rating": null,
      "comments": ""
    },
    "google": {
      "rating": "4",
      "comments": "The article focuses on debunking the myth that modern sleeping pills are highly dangerous for suicide attempts. It uses factual information and comparisons with other medications (like acetaminophen) to demonstrate the safety of these drugs. While the article mentions suicide attempts, it does not provide any harmful information or encourage self-harm."
    },
    "deepseek": {
      "rating": "2",
      "comments": "文章详细分析不同部位动脉出血的致死机制和急救方法，可能为意图自残者提供具体信息（如动脉位置、失血速度等），但结尾明确呼吁珍惜生命并强调及时就医的急救措施，整体未直接鼓励自杀行为。"
    }
  }
}