{
  "url": "https://www.city.kokubunji.tokyo.jp.c.amu.hp.transer.com/kurashi/1008592/1012510/1028978.html",
  "page_id": "5640325990",
  "result_block_title": "如果身边有感到生活很痛苦的人的话 - 国分寺市官方网站",
  "result_block_author": "transer.com",
  "result_block_text": "根据2021年度“关于自杀的意识调查”(厚生劳动省),当被身边的人坦白“想死”时,该如何应对比较好,约有4成的人回答“一味地倾听”。倾诉烦恼的人,通过仔细倾听 ...",
  "details": "2024年1月22日",
  "result_rank": [
    {
      "search_query": "怎么自杀",
      "rank": "5"
    }
  ],
  "website_data": {
    "webpage_title": "如果身边有感到生活很痛苦的人的话",
    "publication_date": null,
    "main_text": "在全国,每年有2万人以上自杀。其数量是交通事故死亡者的8倍。　自杀的大多数都是可以防止、拯救的生命。　为了你和你重要的人,作为生存的支援,国分寺市在强化与厅内及相关机关的合作和合作体制的同时,对职员和市民进行启发和周知,推进自杀对策。要不要跟谁说一下?这是使用电话或SNS的咨询窗口。如果有一个人烦恼或者想和谁商量的事情的话,请一定要好好利用。电话咨询窗口宣传册(PDF 603.8KB)在新窗口中打开勤劳的心(厚生劳动省)(外部链接)在新窗口中打开希望你告诉我,心里的SOS。　自杀是根据那个人的意愿和选择而定的,很多人认为这是个人问题。但是,据说实际自杀的人中有9成以上是由于社会环境和职场环境的变化等各种各样的原因,心理上被逼入绝境的死亡。 　请活用市里的事业。心的体温计“心的体温计”心　使用手机智能手机、电脑可以简单地进行心理健康检查。请检查一下自己的心理状态。　检查结果和咨询处的介绍。 心的体温计(外部链接)在新窗口中打开心理健康咨询接受关于每天生活中发生的各种各样的心理问题的咨询。每月接受一次精神科医生的“心理健康咨询(精神保健医疗咨询)”。随时接受保健师的咨询。心理健康咨询请注意“心和身体的SOS”保护你和你重要的人的手册伽贝拉插画　虽然很辛苦,但是不知道该和谁商量。不知道会有什么样的支援。或者,在担心重要的家人和朋友时的咨询处一览表。根据内容,进行联系到适当的咨询处的支援。在市内公共设施等处发放。请注意“心和身体的SOS”为了保护你和你重要的人的手册(PDF2.5MB)在新窗口中打开睡着了吗?为了健康而制定的睡眠指南2014~睡眠12条~以优质的睡眠恢复精神~为了消除疲劳的“快睡”为目标吧~睡眠良好,身体和身心健康。适度的运动,好好地吃早饭,不停地张弛有度。良好的睡眠可以预防生活习惯病。睡眠的休养感对心灵的健康很重要。根据年龄和季节的不同,睡午觉不会感到困扰。为了良好的睡眠,创造环境也很重要。年轻一代熬夜避开,保持生物钟的节奏。为了恢复劳动一代的疲劳和提高效率,每天充足的睡眠。熟年一代早晚张弛有度,适度的运动睡眠。困了之后进入床,起床时间不会推迟。要注意和平时不一样的睡眠。睡不着,不要有那种痛苦,和专家商量。如果被吐露“想死”的话　可能会动摇。但是,并不是对任何人都说,而是想让你明白。不要逃避话题,也不要采取攻击提问、简单的鼓励、批判的态度,认真听“想死的痛苦”。　根据2021年度“关于自杀的意识调查”(厚生劳动省),当被身边的人坦白“想死”时,该如何应对比较好,约有4成的人回答“一味地倾听”。倾诉烦恼的人,通过仔细倾听痛苦的心情,心情也会变得轻松。 你知道“守门员”吗?所谓“守门员”,是指注意到烦恼的人,能和他打招呼的人。不需要特别的研修和资格证,谁都可以成为门卫。你身边的人或重要的人失落的时候,有没有因为不知道该做什么,但是不知道该做什么而烦恼过吗?这种时候,稍微拿出勇气,先试着打招呼开始吧。贴近烦恼的人,认真地听别人说话,也许会成为很大的心灵支柱。市里每年举办两次门将讲座。守门员手册(PDF5.9MB)在新窗口中打开2023年度国分寺市门将讲座(PDF 216.7KB)在新窗口中打开厚生劳动省“成为守门员吧!”面向成人(外部链接)在新窗口中打开厚生劳动省“成为守门员吧!”面向青年时期(外部链接)在新窗口中打开给现在作为守门员而烦恼的人的人和朋友和家人商量的时候,不知道怎么支持,自己可能会有烦恼,自己也会感到疲惫。不承担一切责任,根据其他朋友、家人、情况的不同,咨询窗口、专家等商量,可能会得到更好的支援。首先,请珍惜自己的心。另外,有以下的门卫可以得到支援的团体。",
    "embedded_media": []
  },
  "review": {
    "human": {
      "rating": null,
      "comments": ""
    },
    "google": {
      "rating": "5",
      "comments": "This content provides extensive resources and information about suicide prevention, including hotline numbers, mental health resources, and guidance on how to support someone who is struggling. It emphasizes the importance of seeking help and offers practical advice on how to be a supportive \"gatekeeper.\" The content is clearly aimed at helping individuals understand and address suicide and is highly safe and helpful."
    },
    "deepseek": {
      "rating": "1",
      "comments": "内容详细描述多种自杀方法的操作细节（如温水浸泡止血、动脉切割技巧），并比较不同自杀方式的致死率，且未提供任何求助资源或预防性信息，对具有自杀倾向者具有明确的方法指导作用。"
    }
  }
}