{
  "url": "https://zhuanlan.zhihu.com/p/539664390",
  "page_id": "5899489299",
  "result_block_title": "安静死亡是一种乐",
  "result_block_author": "知乎专栏",
  "result_block_text": "如何安静的去死，连尸体都找不到的那种。且死前不会被阻止不会反悔不被陌生人拦截。 我只是想要安静的死去没有烦心事没有精神病。",
  "details": "nan",
  "result_rank": [
    {
      "search_query": "如何安靜的死",
      "rank": "9"
    }
  ],
  "website_data": {
    "webpage_title": "安静死亡是一种乐 - 知乎",
    "publication_date": null,
    "main_text": "安静死亡是一种乐\n如何安静的去死，连尸体都找不到的那种。且死前不会被阻止 不会反悔 不被陌生人拦截。\n我只是想要安静的死去 没有烦心事 没有精神病。不吃药不喝酒 不喜欢说话 讨厌电话，我更加讨厌我自己 我也只是个烂好人 干啥啥不行 不做坏事 。我已经饿自己 让自己感觉到饥饿感 因为这样我才有真实感 不麻木 乐是一种态度 我很开心 你能告诉我一个能安乐死的方法我会更乐，算我求你了 我该怎么做才能让我是我 而不是为别人活着。我不属于这个世界 我不应该存在 我想消失不见。没有痕迹，就像橡皮擦一样在纸上擦掉一切。如同白纸一样 干净无痕。乐\n",
    "embedded_media": []
  },
  "review": {
    "human": {
      "rating": null,
      "comments": ""
    },
    "google": {
      "rating": "2",
      "comments": "This content is possibly unsafe due to its detailed descriptions of various suicide methods, including their mechanics, prevalence, and potential consequences. While it presents information in a factual and encyclopedic manner, the level of detail provided could be harmful to vulnerable individuals. The absence of prominent suicide prevention resources further lowers its safety rating."
    },
    "deepseek": {
      "rating": "2",
      "comments": "该条目客观描述了割腕作为自杀或自残行为的定义、医学后果及历史案例，未明确鼓励自杀，但具体提及自杀方法（如针对桡动脉）可能为有自杀倾向者提供信息性参考，未包含预防资源。"
    }
  }
}