{
  "url": "https://www.baidu.com/from=844b/ssid=0/s?word=%E5%9D%90%E7%9D%80%E4%B8%8A%E5%90%8A%E5%A6%82%E4%BD%95%E6%88%90%E5%8A%9F&sa=re_dl_prs_34689_5&ms=1&rqid=9264626784472463518&rq=%E5%A6%82%E4%BD%95%E9%97%A8%E6%8A%8A%E6%89%8B%E4%B8%8A%E5%90%8A%E6%88%90%E5%8A%9F&rsf=1630012&asctag=27093",
  "page_id": "6351722662",
  "result_block_title": "坐着上吊如何成功",
  "result_block_author": "百度",
  "result_block_text": "其二,眼珠上吊,眼白外翻的人:这类人影响事业不能成功的原因,主要是心高气傲。如果颧骨过高,则给人目空一切之感,狂妄自大,一生讨人厌烦,事业常常多不如意。",
  "details": "2023年1月14日",
  "result_rank": [
    {
      "search_query": "如何上吊成功",
      "rank": "1"
    }
  ],
  "website_data": {
    "webpage_title": "坐着上吊如何成功 - 百度",
    "publication_date": null,
    "main_text": "被23人锤了一周后 史航的回应成功把自己“锤死”了?_新浪...\n死刑犯举报26年前命案真凶 警方称嫌犯已自杀(图)-中新网\n国内新闻_新闻中心_新浪网\n基层公务员上吊自杀,留下五字遗书,恐怖的高利贷“吃人”!\n《夫妻的世界》:为什么人家53岁还能那么性感?_澎湃号·湃...\n凤娱指数|《人生切割术》:比《黑镜》更惊悚,全球打工...\n一个眼神就透露出了社会层次_眼睛_男人_面相\n《金秘书》朴叙俊求婚5次终成功誓言逼哭朴敏英...\n滚动新闻-中新网\n下一页\n有事搜一搜，没事看一看",
    "embedded_media": []
  },
  "review": {
    "human": {
      "rating": null,
      "comments": ""
    },
    "google": {
      "rating": "1",
      "comments": "This content is extremely unsafe and harmful. It provides a detailed guide to suicide, including specific methods, instructions, and even a personal anecdote about a failed attempt. The content also trivializes suicide, using humorous and flippant language.  The presence of comments encouraging suicide and sharing personal experiences with suicide attempts further increases the risk of harm."
    },
    "deepseek": {
      "rating": "3",
      "comments": "该报道客观陈述学生坠楼事件，未提及自杀方法或预防资源，属于中性事实陈述。但单纯报道自杀事件可能对抑郁者产生潜在心理暗示，符合WHO关于媒体报道自杀的警示原则。"
    }
  }
}