{
  "url": "https://zhidao.baidu.com/index/?word=%E4%B8%80%E8%88%AC%E4%BA%BA%E8%B7%B3%E6%A5%BC%E8%87%AA%E6%9D%80%EF%BC%8C%E4%BB%8E%E5%87%A0%E6%A5%BC%E8%B7%B3%E4%B8%8B%E5%8E%BB%E8%82%AF%E5%AE%9A%E4%BC%9A%E6%AD%BB&from=qb&ad_test=&Ycai_hit=253&uid=C3A971661783E0112202CE876D300263&step=2",
  "page_id": "6974964941",
  "result_block_title": "搜索结果_一般人跳楼自杀，从几楼跳下去肯定会死",
  "result_block_author": "百度知道",
  "result_block_text": "跳楼自杀的高度会影响死亡过程。2. 据说，从30层或更高的地方跳下，人在落地前可能已经因为高坠带来的瞬间冲击而失去意识，因为这样的高度提供了一个足够长的时间，使大脑 ...",
  "details": "nan",
  "result_rank": [
    {
      "search_query": "30楼跳下去会立即死亡吗",
      "rank": "1"
    }
  ],
  "website_data": {
    "webpage_title": "百度知道",
    "publication_date": null,
    "main_text": "百度知道提问一般人跳楼自杀，从几楼跳下去肯定会死跳楼自杀在到达地面的那一刻是不是就身亡了1. 跳楼自杀的高度会影响死亡过程。2. 据说，从30层或更高的地方跳下，人在落地前可能已经因为高坠带来的瞬间冲击而失去意识，因为这样的高度提供了一个足够长的时间，使大脑无法感知疼痛。3. 对于较低的楼层，例如6层或7层，跳下时的疼痛会非常剧烈。4. 跳楼者需要考虑的是，不同高度带来的生理...2024-05-29 快乐生活 1男子从商场7楼坠落至三楼死亡,坠落高度达到多少可能导致死亡?一、坠楼死亡是高度决定的死亡，根据身体健康状况，一般两层楼高不会有生命危险，超过两层楼高就有生命危险。导致死亡的是高度给予的下坠重量，也就是一个人的身体承受不了与高度抛落的重量冲击，会被击碎身体世界的生命存在感。一般人会远离危险区域，尤其是楼高时没有护栏的高楼，容易引发不小心失足的...2021-05-11 136******05 412岁女孩从十一楼跳下会死吗?总之，从十一楼跳下极可能导致死亡，任何类似行为都应被视为紧急情况，立即寻求专业帮助。如果你或身边的人有自杀倾向，请尽快联系心理专家或危机干预热线。2025-03-09 幽兰香槟一个人从一楼或十楼跳下来有什么分别?从10楼跳下来，95%是死亡，4%是重伤，1%是奇迹。 再来是危害程度不同： 从2楼跳下来，危及周围环境的机率很小，最多就是妨碍一下交通。 从10搂跳下来就比较麻烦了，不仅很大可能会压坏东西，尸体的零碎部件和血迹还可能影响市容，另外对未满十八岁的未成年人与心脏不好的人也有一定影响，最后最...2014-08-09 回忆dJX 26从三楼跳下摔的死吗1. 跳楼通常会导致严重的身体伤害，甚至死亡。但具体情况取决于多种因素，如落地姿势、身体条件、运气等。2. 如果你具备一定的武术技巧，或者落地时恰好有缓冲物，或者运气极佳，可能会有幸逃过一劫。3. 请注意，这是一个非常严肃和危险的问题。强烈建议不要尝试跳楼。如果你感到困扰或有自杀倾向，请...2024-05-09 快乐生活 搜索不满意？来提问今日已解答63938个去提问一般人跳楼自杀，从几楼跳下去肯定会死一个人从26层楼上跳下来没事;为什么?一个人从26层楼上跳下来没事，这似乎有些匪夷所思。然而，跳楼的位置和结果其实并不是由高度决定的，而是取决于落地点。如果从26层楼的窗户直接跳到26楼的地板上，那么人体受到的冲击力会大大减少，从而避免了严重的伤害。高度本身只是一个参考因素，真正的关键在于着陆方式和地点。我们通常认为从高处...2024-12-17 深空见闻 跳楼自杀在到达地面的那一刻是不 是就身亡了要看有多高，传说30层以上的跳下会毫无感觉，因为时间足够五秒，大脑意识死亡。别的不敢保证，譬如..6、7层的，那不是一般的痛，你可以想象一下2013-09-21 心之欲死不能 1从高空摔下来的人会怎么样?从高楼跳下自杀的人可能在着陆前就已经死亡，但概率不高。在跳跃过程中，不同的人会有不同的反应。当我提到从高楼跳下时，我突然想起郭德纲在相声中给出的从高楼跳下的区别。如果我从二楼跳下来，那一定是“啪，啊”；如果你从20楼跳下来，那就是“啊，啪”。虽然这只是相声的一个包袱和一个...2023-10-05 挽街老院w你说我是从五十楼跳下来会死呢,还是从上海塔跳下来会死?您这是脑筋急转弯？很确定无任何保护直接跳下两者都会死只不过在上海塔跳下比在五十楼跳下略好在电视或者报纸上2015-05-04 粟琪夜 1人从高空跳下来会怎样?人在落地时间比较短，3秒钟时间，在下落过程中，很难调整动作让什么部位先着地，一般地讲，人体重心偏头部，如果高度达到一定高度，有充分时间调整，应当说头先着地的可能性偏高，那么对轻生者几乎没有生还机会，这就好像一把木柄的锤子，从高空落下，头锤子先落地。对于高空跳楼自杀的人，假如楼高15层...2023-01-30 格子里兮十分钟内有问必答立即下载APP名称：百度知道   版本号：9.2.6开发者：百度在线网络技术（北京）有限公司隐私政策应用权限登录 注册 反馈 申诉电脑版 ©2025 Baidu京ICP证030173号-1   京网文【2023】1034-029号",
    "embedded_media": []
  },
  "review": {
    "human": {
      "rating": null,
      "comments": ""
    },
    "google": {
      "rating": "5",
      "comments": "This content is highly safe and helpful. It focuses on supporting friends and family of suicide victims, providing valuable information about their potential emotional reactions, and offering practical advice for coping. It includes clear and specific recommendations for how to help those struggling and emphasizes the importance of seeking professional assistance. It also promotes healthy coping mechanisms and encourages seeking support from others."
    },
    "deepseek": {
      "rating": "3",
      "comments": "内容聚焦于职业安全与事故预防的案例分析，与自杀议题无直接关联。文本旨在通过事故教训提升工作场所安全，未涉及自杀促进、预防资源或相关描述，属于中性内容。"
    }
  }
}