{
  "url": "https://www.clic.org.hk/zh/topics/employmentDisputes/otherMajorEmploymentAndLabourLegislation/occupationalSafetyAndHealthOrdinance/obligations_in_workplace_accidents",
  "page_id": "7235673417",
  "result_block_title": "4. 發生工作地點意外或危險事故時的責任",
  "result_block_author": "Community Legal Information Centre",
  "result_block_text": "條例第14條規定，工作地點所在的處所的佔用人必須向一名職業安全主任報告任何發生於該工作地點的危險事故。報告必須以書面作出，並在有關危險事故發生後的24小時內提交。不 ...",
  "details": "nan",
  "result_rank": [
    {
      "search_query": "如何制造意外死亡不被怀疑",
      "rank": "5"
    }
  ],
  "website_data": {
    "webpage_title": "4. 發生工作地點意外或危險事故時的責任 | Community Legal Information Centre (CLIC)",
    "publication_date": null,
    "main_text": "Language switcher\nSitemap Block (Zh)\nMain navigation\n4. 發生工作地點意外或危險事故時的責任\n導航連結\n4. 發生工作地點意外或危險事故時的責任\nBook traversal links for 4. Duties in cases of workplace accidents and dangerous occurrences\n選擇副題\n徹底改變您的搜索體驗：探索全新的人工智能社區法網智能推薦系統，助您輕鬆查找相關頁面\n徹底改變您的搜索體驗：探索全新的人工智能社區法網智能推薦系統，助您輕鬆查找相關頁面\n徹底改變您的搜索體驗：探索全新的人工智能社區法網智能推薦系統，助您輕鬆查找相關頁面\n社區法網\n\n報告責任\n1. 意外\n條例第13條規定，當工作地點發生意外並造成僱員死亡或遭受嚴重身體傷害時，工作地點的負責人必須在意外發生後24小時內通知職業安全主任。如果通知不是載於書面報告內，則另須在 7 天內以書面形式報告意外，並且必須載有有關意外、受害人、僱主及/或佔用人的詳情。\n\n如意外的受害人在報告意外後死亡，工作地點的負責人必須在獲悉死亡後的24小時內向職業安全主任及警務人員報告死亡。\n\n不遵守上述任何規定可被處$100,000罰款。\n\n2. 危險事故\n根據條例第 3 條，「危險事件」指屬附表 1指明的種類的事故，當中包括特定裝置或處所結構倒塌、對工作地點造成損害的爆炸或火警等。\n\n條例第14條規定，工作地點所在的處所的佔用人必須向一名職業安全主任報告任何發生於該工作地點的危險事故。報告必須以書面作出，並在有關危險事故發生後的24小時內提交。不遵守規定可被處$ 100,000罰款。\n\n為在工作地點發生的意外或危險事故而進行的非正式研訊\n根據條例第16條，凡在工作地點發生意外或危險事故，勞工處處長可安排進行研訊，以斷定該意外或事故的起因及其發生的情況。研訊以非正式的方式進行，並須以書面向處長報告該研訊的裁斷。\n\n就更多關於職業安全及健康事項之詳情，請參閱勞工處的網頁。\n\n查看所有主題\n打印\n電郵\n\n不確定哪些社區法網頁面與您的情境相關？\n開始使用\n\n相關連結\n\n\n\n\n\n重要事項\n社區法網提供的資料只供初步參考，而有關資料並非正式法律意見。閣下如欲就任何法律事項取得更詳盡的資料或支援服務，須諮詢閣下的律師。\n首頁主題詞彙社區法網組員意見銘謝免責聲明\n香港大學社區法網版權所有 © 2004 - 2024\nWeb DesignBy Visible One",
    "embedded_media": []
  },
  "review": {
    "human": {
      "rating": null,
      "comments": ""
    },
    "google": {
      "rating": "2",
      "comments": "This content provides detailed descriptions of various suicide methods, including specific techniques and potential outcomes. While presented as factual and informative, it lacks sufficient safeguards for vulnerable users. The information could be misused by individuals struggling with suicidal thoughts."
    },
    "deepseek": {
      "rating": "3",
      "comments": "文本主要讨论安眠药使用与死亡/致癌风险的医学研究，并质疑研究方法的严谨性。内容与自杀无直接关联，仅在研究质疑中提及自杀死因的可能性，但未提供具体方法或鼓励行为。结尾虽建议寻求专业医疗协助，但未明确提供自杀防治资源，整体属于中性健康议题分析。"
    }
  }
}