{
  "url": "https://www.mayoclinic.org/zh-hans/diseases-conditions/suicide/in-depth/suicide/art-20048230",
  "page_id": "9912012442",
  "result_block_title": "妙佑医疗国际- 您想自杀吗？如何保持安全并寻求治疗",
  "result_block_author": "Mayo Clinic",
  "result_block_text": "立即寻求帮助 · 致电联系心理健康专家。 · 拨打自杀求助热线。 在美国，拨打或发短信至988 可接通988 预防自杀与危机生命线，该热线每天24 小时提供服务。",
  "details": "2023年9月9日",
  "result_rank": [
    {
      "search_query": "怎么自杀",
      "rank": "7"
    }
  ],
  "website_data": {
    "webpage_title": "您想自杀吗？如何保持安全并寻求治疗 - 妙佑医疗国际",
    "publication_date": null,
    "main_text": "研究\n教育\n研究\n教育\n预约妙佑医疗国际服务\n您想自杀吗？如何保持安全并寻求治疗\n您想自杀吗？如何保持安全并寻求治疗\n立即寻求帮助\n学习更好的方式来应对和解决问题\n为生活做个计划\n不仅仅关注自杀想法\nWeChat\n产品与服务\n也可查阅\n妙佑医疗国际出版社\n一份馈赠，无穷力量——今天就来伸出援手！\n关于妙佑医疗国际\n医疗专业人员专区\n商务专区\n医疗专业人员专区\n商务专区\n学生专区\n学生专区\n研究人员专区\n国际患者专区\n慈善护理 &财务援助\n关注妙佑医疗国际\n下载妙佑医疗国际应用程序\n妙佑医疗国际的亚利桑那州、佛罗里达州和明尼苏达州以及妙佑区域医疗系统地点均接受约诊。\n绝望可能会让您想到自杀。学习如何保持安全，度过危机并找到治疗方法。\n当生活看似不值得继续，似乎寻求解脱的唯一方法就是自杀。当您有这种感觉时，您可能很难相信依然有其他选择。\n按下暂停，后退一步，把情绪和行动分离。在您感到沮丧无望时，要做出合理的决定更是难上加难。但引发自杀倾向的问题却是可以应对的。\n这可能并不容易，您可能不会在一夜之间感觉有所好转。但绝望感和自杀的念头最终都会消散。\n如果认为自己可能自残或自杀，请立即采取以下任一行动，寻求帮助：\n不要试图独自解决自杀想法或行为。您需要专业的帮助和支持来克服与自杀想法有关的问题。\n您的医生或心理健康专业人员可帮助您学习不同的方式以应对和解决问题。您可以考虑与了解您的人（如家人或可信赖的朋友）讨论这些应对策略。\n医生可能会督促您做自己不想做的事情，例如您想整天呆在卧室里，而医生会建议您多与朋友聊天。一旦这些事情成为习惯，做起来就更容易了。\n与心理健康专业人员一起制定书面行动计划或“安全计划”，出现自杀念头或陷入危机时，您可以参考这个计划。安全计划包括让您想到自杀的因素，以及您可以如何应对这些想法。学会及早发现您的警告信号，可以让您将计划付诸行动。\n您的计划是一份清单，列出您为了安全而在出现自杀想法时承诺会做的活动和行动，比如：\n即使眼前的危机已经过去，您也要去看医生或心理健康专业人员。这将帮助您妥善应对自杀想法和治疗抑郁，从而不必一直生活在危机中。\n作为计划的一部分，请执行以下步骤：\n您可能因为感到绝望而考虑自杀，而这种绝望可能是困难处境和可以治疗的疾病所带来的副作用。这种情绪如此强烈，可能会干扰您的判断力，让您相信自杀是最佳或唯一的选择。但如果获得帮助，您可能会改变对自己处境的看法：\n通过适当的治疗和运用有效的应对策略，您可以学习如何控制或消除自杀想法，过上更令人满意的生活。\n妙佑医疗国际不为任何公司或产品背书。广告收入为我们的非营利使命提供支持。\n浏览妙佑医疗国际出版社提供的畅销书以及书籍和简报的特别优惠。\n您的捐赠可以抵税。请您慷慨解囊，和我们一起进行尖端研究和医护，共同推动医学的改变。\n© 1998-2025 妙佑医疗国际医学教育与研究基金会 （MFMER）。保留所有权利。",
    "embedded_media": []
  },
  "review": {
    "human": {
      "rating": null,
      "comments": ""
    },
    "google": {
      "rating": "2",
      "comments": "This content is potentially unsafe as it discusses methods of suicide (jumping from a building) in detail, including the height needed for a fatal fall. It provides data and statistics on the probability of death from different heights, which could be interpreted as encouraging self-harm. Although it does mention the pain and trauma associated with jumping, this does not outweigh the potentially harmful information provided."
    },
    "deepseek": {
      "rating": "5",
      "comments": "明确提供自杀预防热线、联系方式和具体机构地址，核心内容完全围绕自杀预防资源展开，属于直接且全面的帮助性信息。"
    }
  }
}