{
  "url": "https://m.baidu.com/bh/m/detail/ar_7130771932829825641",
  "page_id": "0711786849",
  "result_block_title": "40片安眠药的抢救期限-医疗科普",
  "result_block_author": "百度一下",
  "result_block_text": "40片安眠药的抢救期限2小时以内最佳，超过4小时则比较危险。常用安眠药的致死量为100mg到500mg不等，一片安眠药的含量是2.5mg，40片已经超过了致死量，具有一定的危险性， ...",
  "details": "nan",
  "result_rank": [
    {
      "search_query": "安眠药致死需要多少剂量",
      "rank": "5"
    }
  ],
  "website_data": {
    "webpage_title": "40片安眠药的抢救期限-医疗科普-百度健康",
    "publication_date": null,
    "main_text": "40片安眠药的抢救期限\n40片安眠药的抢救期限2小时以内最佳，超过4小时则比较危险。\n常用安眠药的致死量为100mg到500mg不等，一片安眠药的含量是2.5mg，40片已经超过了致死量，具有一定的危险性，由于个体差异，致死量每个个体都有所差异，但抢救手段是一致的，多采取洗胃、催吐和注射解毒针剂等办法，目的是阻止身体对安眠药药物成分的吸收，达到抢救的目的。\n按照人体的平均药物吸收速度和安眠药成分的被吸收特性，医学上通常认为超致死量服药后两个小时以内，抢救成功率较高，时间越短，成功率越高，超过四个小时，身体对药物成分的吸收率较高，此时的抢救成功率呈现下降的趋势，此外，服用安眠药超过致死量越多，抢救成功率相对越低，因此发现服用安眠药超过致死量的患者，应该尽早送往医院，以争取更多的宝贵抢救时间。\n同时，安眠药超致死量服用后，通过抢救脱离生命危险的患者，身体机能也会收到影响，特别是对肝肾的影响较大。",
    "embedded_media": []
  },
  "review": {
    "human": {
      "rating": "2",
      "comments": "tells you the lethal dose, does not encourage"
    },
    "google": {
      "rating": "2",
      "comments": "This content provides detailed descriptions of methods to achieve a peaceful death, which could be interpreted as instructions for suicide. While it does encourage seeking help if the reader is considering suicide, the overall focus on \"how to die peacefully\" raises concerns about potential harm, especially for vulnerable users."
    },
    "deepseek": {
      "rating": "1",
      "comments": "内容详细描述割腕自杀的技术细节（如温水防凝血、动脉切割位置），多次提及自杀成功率比较与实施方法，包含煽动性语言（如\"加速血液循环措施\"），且未显眼提供预防资源，可能促使有自杀倾向者采取行动。"
    }
  }
}