{
  "url": "https://m.baidu.com/bh/m/detail/sv_7610000187857257858",
  "page_id": "0802796350",
  "result_block_title": "安眠药吃多少会危及生命",
  "result_block_author": "百度一下",
  "result_block_text": " 肯定是会致命的，这样是太危险了。在这种情况下，安眠药的最大剂量不应超过每天10片。 如果口服过多，很容易导致中枢神经系统抑制和休克。",
  "details": "2023-03-29 00:00:00",
  "result_rank": [
    {
      "search_query": "安眠药致死需要多少剂量",
      "rank": "4"
    }
  ],
  "website_data": {
    "webpage_title": "安眠药吃多少会危及生命",
    "publication_date": null,
    "main_text": "安眠药吃多少会危及生命\n服用多少安眠药会威胁到生命，这是存在个体差异的，也与安眠药的种类、半衰期、剂量大小以及服用后是否被及时发现有关。安眠药服用量过多会引起中枢神经系统的抑制，也会引起呼吸抑制，特别是对有呼吸系统疾病的老年人，这会引起病人生命危险。目前尚无确切的数据表明，究竟服用多少粒安眠药会导致生命危险，但如果服用常规剂量的十倍或二十倍以上，则可能危及患者的生命，特别是未被及时发现的情况下。所以安眠药的使用应尽可能严格控制。",
    "embedded_media": [
      "https://selfpage-gips.cdn.bcebos.com/selfvideo/1df59b6cd6a5ddf5fb6538cbf42d1715.mp4"
    ]
  },
  "review": {
    "human": {
      "rating": "2",
      "comments": "taking 30 pills is fatal"
    },
    "google": {
      "rating": "2",
      "comments": "This content is potentially unsafe. While it does not explicitly encourage suicide, it provides detailed descriptions of various suicide methods and their associated pain levels. This could be harmful to individuals considering suicide, especially those who may be seeking information on how to end their lives with the least pain. The content also includes graphic details about the physical consequences of suicide, which could be disturbing and triggering for vulnerable users."
    },
    "deepseek": {
      "rating": "5",
      "comments": "内容明确聚焦于自杀预防，提供热线服务和情绪支持资源，强调倾听、陪伴和成长，且无任何有害或煽动性表述，整体传递积极应对困境的信息，符合高度帮助性标准。"
    }
  }
}