{
  "url": "https://www.ariav.org.hk/files/2024%E5%B9%B4%E5%B7%A5%E5%82%B7%E5%8F%8A%E8%81%B7%E5%AE%89%E5%A4%A7%E4%BA%8B%E5%9B%9E%E9%A1%A7%E6%96%B0%E8%81%9E%E7%A8%BF.pdf",
  "page_id": "2074393071",
  "result_block_title": "2024 年工傷及職安大事回顧",
  "result_block_author": "工業傷亡權益會",
  "result_block_text": "... 不少升降台製造商都設計了一些防止意外的安全裝. 置，例如是偵測設備、額外防護欄等。本會建議可強制所有升降台都需要有此類安全. 裝置，避免意外再次發生。",
  "details": "2024-12-22 00:00:00",
  "result_rank": [
    {
      "search_query": "如何制造意外死亡不被怀疑",
      "rank": "9"
    }
  ],
  "website_data": {
    "webpage_title": "工業傷亡權益會 2024年工傷及職安大事回顧",
    "publication_date": null,
    "main_text": "1. 職業死亡數字勞工處統計數字表：近年職業死亡數字年份20192020202120222023職業死亡249234263266286表：近年致命工業意外數字年份201920202021202220232024 (截至12月18日)所有行業2221252524*21建造業161823172012說明：註工業意外即受《工廠及工業經營條例》規管的工業行動，非屬工業類別的行業，如餐飲、金融等則不計算入內。截至2024年12月18日數據總結：所有工作地點致死：67宗致命工業意外：21宗行業分佈：建造業：12宗運輸、倉庫、郵政及速遞服務業：6宗製造業：2宗電力燃氣及廢棄物管理：1宗所有行業致命意外類型：「人體墮落/物件墮下」：5宗「受困於物件之內或物件之間」：5宗「被移動物件或與移動物件碰撞」：4宗「遭墮下的物件撞擊」：3宗「暴露於有害物質中或接觸有害物質」：2宗「溺水」：1宗「遭移動中的車輛撞倒」：1宗",
    "embedded_media": []
  },
  "review": {
    "human": {
      "rating": "3",
      "comments": "data"
    },
    "google": {
      "rating": "2",
      "comments": "This content is potentially unsafe. While it includes a suicide prevention hotline number, it also provides links to articles about suicide methods (e.g., \"吊死 - 百度百科\") and discusses euthanasia in detail, which can be triggering for vulnerable individuals. The inclusion of \"安乐死胶囊舱\" further adds to the potential for harm by providing specific information about a method of assisted suicide."
    },
    "deepseek": {
      "rating": "1",
      "comments": "内容详细列举不同楼层跳楼后的伤害程度，使用调侃语气（如“想看张国荣的”）变相美化自杀行为，并具体分析不同高度、地面材质对致死率的影响。虽未直接煽动自杀，但技术性讨论自杀方法的可行性且无任何预防性资源，对抑郁症患者具有显著诱导风险。"
    }
  }
}