{
  "url": "https://health.businessweekly.com.tw/article/ARTL000065510",
  "page_id": "4642894593",
  "result_block_title": "吞安眠藥自殺？別鬧了！現代的安眠藥，比普拿疼還要安全上百倍",
  "result_block_author": "良醫健康網",
  "result_block_text": "市售的普拿疼，一顆五百毫克，不必醫師處方就買得到的那種，一天吃15顆就可能致死，而且是慢慢的死，拖上數週到一個多月，無可挽回，連改變心意的機會也沒有。",
  "details": "2016-07-05 00:00:00",
  "result_rank": [
    {
      "search_query": "安眠药致死需要多少剂量",
      "rank": "9"
    }
  ],
  "website_data": {
    "webpage_title": "吞安眠藥自殺？別鬧了！現代的安眠藥，比普拿疼還要安全上百倍 - 良醫健康網",
    "publication_date": "2016-07-05",
    "main_text": "吞安眠藥自殺？別鬧了！現代的安眠藥，比普拿疼還要安全上百倍\n良醫讀書會\n合作出版社\n蒐羅與財經、職場、生活相關書籍內容介紹及書摘，協助讀者快速閱讀書籍精彩內容。\n延伸閱讀\n聽說安眠藥會吃上癮，愈吃愈重，將來就戒不掉了？精神科醫師怎麼說...\n「安眠藥只是可以把你敲暈的棍子！」精神科醫師的真心話：數百萬台灣人每天都在敲暈自己...究竟失眠是不是一種病？\n老是睡不飽？快看安眠藥服用9原則\n失眠就吃安眠藥？　藥師：小心這些危害\n不吃無法入睡？安眠藥8大使用原則\n熱門推薦\n下半身循環好，自然就變瘦！一天3分鐘，她靠「轉轉腳踝」6個月瘦15公斤\n「媽，好久不見，我今天結婚！」堅持下一代娶/嫁醫師，婆婆悲劇了...\n天天吃，容易得大腸癌！醫師點名：早餐店裡最NG的2種食物\n想改善失眠、全身痠痛，先幫你的「腸道」解毒！腸胃科醫師：不靠保健食品，也讓腸道充滿益菌的「5種食物」\n「龍葵」為什麼能預防癌症？關鍵在「這成分」！龍葵怎麼吃、料理才安全？\n一直拉肚子怎麼辦？6警訊快就醫！一表區分急性和慢性腹瀉，教你7型態大便分類法\n頻道熱門文章\n一直拉肚子怎麼辦？6警訊快就醫！一表區分急性和慢性腹瀉，教你7型態大便分類法\n急診室醫師告訴你：為什麼血壓突然飆高，先別急著吞降血壓藥？\n「間質性膀胱炎」解尿痛、持續有尿意...症狀一次看！會好嗎？怎麼改善？\n濕疹、尿布疹、念珠菌感染...「萬用藥膏」止癢抗炎真那麼神？醫師從成分到用法一次解密\n50歲以上注意》確診青光眼，他忽略「1件事」視野慘剩一半！控制喝水量、不趴睡...4招預防青光眼\n吃了安眠藥，會不會再也醒不過來？這是許多人對於安眠藥最大的夢魘──「服用到將睡未睡時，迷迷糊糊又多服了幾遍藥，一下子超過致死劑量，就真的再也醒不過來，一命嗚呼哀哉。」這情景教人越想越恐怖，對吧？幸好，二十一世紀的今天，你有錢也買不到這種安眠藥！\n在1900 ~1960年代，這個問題可能很嚴重，因為第三代主效型安眠藥「巴比妥類藥物（Barbiturates）」就有這個問題，因為致死劑量可能只是治療劑量的幾倍而已，所以，一旦重複服藥幾次，導致藥物過量 ── 不管是意外或故意（自殺意圖），就很容易造成死亡的結果。\n但是，自從第四代主效型安眠藥「苯二氮平類藥物（Benzodiazepine, BZD）」在1960年代發明後，其致死劑量就遠遠與治療劑量拉開，要透過服用安眠藥自殺，已經不是一件容易的事。或者說，藥物過量致死還是可能發生，但你可能會先服藥服到癱軟、沒力氣繼續剝開藥片吞服（大多數藥物是一片10顆，每吞500顆就要剝完50片）；有人事先剝好幾百顆，但光吞就會吞到噁心，而且胃部一下子進入幾百上千顆藥之後，會反射性的嘔吐，就算事先吃了止吐劑也一樣（你能想到的都有人幹過了）；最常見到的是服到一半就睡著了，醒來才發現怎麼還沒死？\n緊接著第五代主效型安眠藥「非苯二氮平類藥物（Nonbenzodiazepine, NBZD）」在1990年代發明後，安全性就更高了。現在所有能取得的安眠藥，不是「苯二氮平類安眠藥」，就是「非苯二氮平類藥物」，兩者的安全性之高，讓單純服用安眠藥自殺成功率降到歷史新低點。現在對於服用安眠藥企圖自殺的人，排除真的沒經驗者，我們會優先考慮患者是在傳達一種警告的訊息，而非真正意圖造成死亡結果。\n現代的安眠藥比普拿疼還安全上百倍\n苯二氮平類藥物是安眠藥發展史最光榮的一頁，因為自此以後，安眠藥就很難吃出人命了。\n市售的普拿疼，一顆五百毫克，不必醫師處方就買得到的那種，一天吃15顆就可能致死，而且是慢慢的死，拖上數週到一個多月，無可挽回，連改變心意的機會也沒有。這樣的資訊，只要用「普拿疼自殺」當關鍵字去搜索，馬上跑出一大堆「教學」網頁，還會引述學術期刊給你看。\n相反的，就以被食藥署視為洪水猛獸的安眠藥「使蒂諾斯」為例：你到它的原廠（Sanofi-aventis U.S. LLC）網站資料庫查詢，該藥在實驗白老鼠中的Oral Route LD50是695 ─ 1030mg／kg，意義就是：每公斤給予69.5 ─ 103顆的使蒂諾斯（一顆10mg），才能毒死半數的實驗白老鼠。人體當然不能這樣算，只能從實際發生過的劑量來統計，直到今天，「確定中毒的劑量」仍舊推算不出來，每天固定會服用數十顆到上百顆者，精神科門診中屢見不鮮；一次服用300 ~500顆而送到急診的，最後沒事回家，也是司空見慣。但是，建議劑量只有1~ 2顆，推算起來，致死劑量起碼是建議劑量的數百倍。\n你所不知道的普拿疼祕密\n反觀普拿疼，一顆就500mg，建議劑量一天1 ~ 4顆，12~ 16顆以上就會有生命危險，致死劑量就只在建議劑量的數倍之間。兩相比較，現代安眠藥的安全性超過普拿疼百倍，還算是很保守的講法呢！\n事實上，現代安眠藥比幾乎你看得到的藥物都來得安全，這已經是公開的祕密：醫界以往很少澄清此事，是因為讓自殺者吃錯藥並非一件壞事；但在網路資訊取得方便的今天，越來越多網站提供「正確自殺方式」，但是一般大眾不會去查詢自殺方法，反而活在「吃安眠藥自殺」的迷思裡。如今繼續保守這個祕密已經沒有意義。\n只要服藥時身體健康，沒有其他疾病、特異體質，或同時吸食毒品、大量用藥或飲酒，醫師處方的安眠藥，一次服上幾百顆，就算不送急診，通常也不會有致命危險── 但是會另有嚴重負面影響。\n為什麼安眠藥會這麼安全？\n第四代主效型安眠藥「苯二氮平類藥物」之所以會這麼安全，是由下列幾個原因造成的 ──\n・藥物毒性低：這是安全性最核心的來源 ── 原理其實很簡單，只是藥物作用學上的一點點改變，就此挽救了不知道多少人的性命。\n・藥性專一度高：這讓藥物用途單純化，不至於被拿來濫用，也就減少中毒風險。反例：不少人本來想利用第一代安眠藥：酒類來幫助睡眠，但是喝著喝著就進入微醺狀態，感覺頗為良好，到最後，沒打算睡覺也想喝，當然提高酒癮風險，連帶也增加過量風險。\n財團法人私立高雄醫學大學附設中和紀念醫院\n五福診所\n台中光流聯合診所\n高雄長庚紀念醫院\n長庚醫療財團法人林口長庚紀念醫院\n醫師很好，解決困擾我多年鼻子過敏問題，大推。\nchenchen\n2025-03-17\n有超級神奇的本事，看臉就知道中風。我前年，上班後突然昏眩，感覺天旋地轉，動彈不得，坐救護車急救，也做很多基本檢查過，急診醫生都找不到病因，還叫我回家。後來我堅持住院，到三重聯合醫院，遇到神經內科黃炳鐘醫生，他只看到臉，事發後已1天多，聲音又變得沙啞，再問一下，急救前的發生狀況，就讓我去照，腦部核磁共振，就查出是腦部血管阻塞，\n腦中風發生在，接近小腦與大腦交界處的病症，可能涉及腦幹或後循環血管供應區域。 專業名稱是，延髓外側症候群（Wallenberg syndrome，華勒伯格症候群）因椎動脈或後下小腦動脈（PICA）阻塞導致，影響腦幹和小腦。\n症狀：吞嚥困難、暈眩、噁心、聲音沙啞、單側顏面或身體麻木、步態不穩等。可能會擴及腦幹的生命中樞（如呼吸中樞），嚴重時可能致命。因吞嚥困難，導致吸入性肺炎（食物或液體進入氣道，引發感染），因痰太濃卡在喉嚨，約2個月都裝著鼻胃管，感覺神經路徑受損，導致運動協調異常，無法站立穩定，即使坐著也可能搖晃，走路不穩需人扶持，無法正常行走，不能喝水，吃飯、正常發聲、看手機(會暈眩)等，跟廢人一樣。很多病症一起發作，加上小孩還在讀書，家裡經濟小康，曾經非常絕望，但醫生真的超級有耐心，識病如親，因為早點發現，加醫生做對治療，跟後續眾多的復健師，職能治療師，和治療吞嚥困難的，言語治療師幫忙下，在1周多後，腦袋就回復，可以維持久一點時間，的正常運作，可以思考跟看和寫點東西，約2周，就能抓著點滴架走路，到用四輪助行器，到拐杖，再到5個月後，就幾乎不用拐杖了。不能喝水吃東西，真的很難過，日子真的就像變黑白的，看到聞到味\n道，卻不能吃，會變很焦慮，試喝水、布丁、蒸蛋等都不行，被寫失聲，被當作是殘障人士，一直咳嗽到像喘不過氣快死了，一直吐痰，沒完沒了，直到住了10幾天後，突然在沙啞聲中，併出一聲稍微大點的聲音，還以為聽錯了，出院前再照x光片，說白色有痰部分少很多，到回家1個多月後，總算能喝水吃蒸蛋，拆掉鼻胃管，到最近，剩左眼有時會麻和睜不開，右半邊只剩麻和冰的感覺，但實際碰到冰塊或燙的東西，是沒知覺的，所以有一次大腿，被燙到，起了好幾個大水泡，摸到才發現，黃醫生也說，我是他所有病人中，恢復最好的了。我很感謝黃炳鐘醫生，加三重聯合醫院裡，很多護理師、復建師、治療師、營養師、病床輪椅運送員、清潔人員、送餐人員、警衛、善心人士(遇到殘障人士，都會主動伸出援手)等。在醫院裡深刻地體驗過無數的生老病死，醫生的感受無疑比我們更為深刻。培養醫生是非常困難的，需要天賦、卓越的記憶力、對血液的耐受度，還需要多方面的能力。醫生不僅要面對生老病死的現實，還要訓練自己保持冷靜與理性，比一般人更無情緒起伏，冷情冷性冷血，學會在泰山崩於前時，依然能穩定應對生死交關的情況。這樣經過不斷訓練與考驗，醫療體系中的每一位專業人士，與一個和善、美好的社會形成了良性循環，非常值得我們好好珍惜與愛護。\nhpz610825\n2025-03-11\n我是趙大中醫師的病人,去年五月確診罹患乳癌四期,轉移肝  腹膜  脾臟  骨骼,還被健保認為也有腦轉移,我進醫院治療時  已經肺肋膜  腹腔滿滿的積水  呼吸困難  無法飲食  骨瘦如柴  奄奄一息, 而且也被健保認為有腦轉移而不給我標靶藥的給付, 我的身心經濟都遭受重創. 所幸能遇到趙醫師, 經過他十個月來的悉心治療, 雖然病還沒完全好,但已經能夠正常自理生活  也不需要麻煩別人照顧. 食慾良好  體重漸漸回升  小腿手臂的肌肉也長回來了, 血液各項指數也很不錯, 而且,我本來已對健保給付我的標靶藥死心  不抱任何希望了,但趙醫師還是堅持不懈幫我申請,經過九個月五次申請,終於過關了! 再也不用擔心標靶藥自費怕負擔不起的問題.  我太感謝他了! 如果早幾年我就能知道趙醫師的話,我一定會放心面對做治療, 不至於因為逃避害怕而拖到這種程度......他真的是我們好多四期乳癌姊妹的再造恩人, 把我們從鬼門關拉回來,我們對他除了感恩還是感恩, 無以為報!  趙醫師非常低調客氣   是國內極少數同時擁有七張專科醫師證照的醫師   我希望有更多人能認識這樣的一位仁醫, 即使一罹癌就發現四期也不要害怕   放心把自己交給趙醫師  乖乖配合趙醫師的治療就對了\n上杉道雪\n2025-03-09\n客戶服務專線：(02)2510-8888｜傳真：(02)2503-6989\n服務時間：週一至週五09:00~18:00 (例假日除外)\n網站版權屬於城邦文化事業股份有限公司所有，未經本站同意，請勿擅用文字及圖案\n客戶服務專線：(02)2510-8888｜傳真：(02)2503-6989\n服務時間：週一至週五09:00~18:00 (例假日除外)\nCopyright © 2023 Business Weekly a division of Cite Publishing Ltd All Rights Reserved.",
    "embedded_media": []
  },
  "review": {
    "human": {
      "rating": "3",
      "comments": "saying that sleeping pills dont work"
    },
    "google": {
      "rating": "2",
      "comments": "This article discusses the deaths of various famous individuals, some of whom died by suicide. While it doesn't explicitly promote or encourage suicide, it does describe methods of suicide (e.g., \"drinking poison\", \"hanging oneself\", \"throwing oneself into the water\") in a factual and detailed manner, making it potentially unsafe for vulnerable readers."
    },
    "deepseek": {
      "rating": "3",
      "comments": "内容为中性的事实性新闻报道，仅陈述学生坠楼死亡事件，未涉及自杀方法细节或预防资源。虽涉及自杀相关议题，但用词客观未美化或鼓励，也未提供任何帮助性信息。"
    }
  }
}