{
  "url": "https://www.reddit.com/r/China_irl/comments/1ioig4h/%E5%9C%A8%E4%B8%AD%E5%9B%BD%E6%9C%89%E4%BB%80%E4%B9%88%E5%8A%9E%E6%B3%95%E8%83%BD%E5%A4%9F%E5%83%8F%E7%94%A8%E6%9E%AA%E4%B8%80%E6%A0%B7%E8%BF%85%E9%80%9F%E8%87%AA%E6%9D%80%E5%90%97/",
  "page_id": "5010859106",
  "result_block_title": "在中国有什么办法能够像用枪一样迅速自杀吗: r/China_irl",
  "result_block_author": "Reddit",
  "result_block_text": "多晒晒太阳。把手放在左胸口，闭上眼睛，静静感受你的心跳。试着冥想。吃Omega-3鱼油，l-theanine茶氨酸, ashwagandha.",
  "details": "nan",
  "result_rank": [
    {
      "search_query": "快速自杀",
      "rank": "6"
    }
  ],
  "website_data": {
    "webpage_title": "在中国有什么办法能够像用枪一样迅速自杀吗",
    "publication_date": null,
    "main_text": "就是简单无痛的方法嘛，我想过，比较可行的应该是氮气窒息。氮气瓶网上随便买，然后需要一个睡袋或者别的什么密封性比较好的东西做容器。具体多大还得计算，另外气密性也要有保证。如果有人愿意贡献易得又够大的气密容器或制作方法，我也非常感谢。还有一类比较无痛的是药物，但是这方面常用的药物面临的管制比较多，不好买。比如外国都说效果很好的亚硝酸钠，国内买不到。Upvote2DownvoteReplyreplyShareShareu/MichaeKun avatarMichaeKun•1mo ago氮气难闻吗 药物看来是没法想了这个国家在这方面管的不仅严还精细Upvote1DownvoteReplyreplyShareShareDunnnno•1mo ago空气中70%是氮气，没味道，应该也不痛苦，因为人体感受不到氧气浓度低，应该只会慢慢昏迷。楼下说的氦气也可以，都容易买。Upvote1DownvoteReplyreplyShareShareu/MichaeKun avatarMichaeKun•1mo ago我明白了 就是睡袋是个问题 我会好好攒钱的 谢谢你Upvote2DownvoteReplyreplyShareShareDunnnno•1mo ago只有睡袋可能不够，你看下楼下的回应，只有睡袋还是会有窒息感。另外网购的气体瓶可能有氧气。也不用谢我，这些我以前就想过，只是顺手分享。我还是建议走最后一步前多查资料多学习，找一个好一点的方法Upvote4DownvoteReplyreplyShareShareu/MichaeKun avatarMichaeKun•1mo ago为了防止用于自杀 网购的气体瓶十有八九会含有氧气了 你说的对",
    "embedded_media": []
  },
  "review": {
    "human": {
      "rating": "1",
      "comments": "instructs suicide"
    },
    "google": {
      "rating": "1",
      "comments": "This content is extremely unsafe and harmful. It provides detailed descriptions of suicide methods, including their advantages and disadvantages, and even suggests specific ways to carry them out. The content also trivializes suicide and normalizes it as a solution to problems. It is likely to encourage and facilitate self-harm, making it highly dangerous for vulnerable users."
    },
    "deepseek": {
      "rating": "2",
      "comments": "内容详细描述上吊自杀的致死机制与技术细节（如压力计算、致死时间、无法自救等），虽未美化自杀且结尾提供求助热线，但大量具体自杀方法的生理学描述可能促使有自杀倾向者模仿，且预防信息被淹没在技术性内容中。"
    }
  }
}