{
  "url": "https://m.ximalaya.com/ask/q3993003",
  "page_id": "5152876258",
  "result_block_title": "人跳楼，最多能跳几层楼？",
  "result_block_author": "喜马拉雅",
  "result_block_text": "你找最高的那幢楼，从一楼开始往下跳直至最高那层。全跳完了你就知道从那一楼往下跳最好了。这叫实践是最好的证明。 从一楼跳下去，三岁小孩都不会有事。 从 ...",
  "details": "2022-10-12 00:00:00",
  "result_rank": [
    {
      "search_query": "30楼跳下去会立即死亡吗",
      "rank": "6"
    }
  ],
  "website_data": {
    "webpage_title": "人跳楼，最多能跳几层楼？",
    "publication_date": null,
    "main_text": "你找最高的那幢楼，从一楼开始往下跳直至最高那层。全跳完了你就知道从那一楼往下跳最好了。这叫实践是最好的证明。从一楼跳下去，三岁小孩都不会有事。从二楼跳下去，摔死一只猪。从三楼跳下去，明天就不用上班了。从四楼跳下去，有点问题。从五楼跳下去......从十八楼跳下去，有一种眩晕的感觉！没事看热闹的。 请上1楼试着玩玩的。 请上2楼想请假休息两天的。 请上3楼失恋想发泄的。 请上4楼必修课没过的。 请上5楼想看张国荣的。 请上18楼匿名用户2022-10-12 23:34这个很危险啊，我小时候就从3楼跳下过，没什么事，但这是偶然。还有7楼摔下来不死的呢。赶上倒霉的1楼窗台跳下来也骨折。所以危险的东西尽量不要去尝试。匿名用户2022-10-12 23:34跳楼??? 给个标准高度吧.一般是5米.超过有危险了.只能给你个高度.因为楼层不太好计算,请楼主区分出,地面和水的区别.你可以跳30米高空入水,但是不可能跳30米高匿名用户2022-10-12 23:17其实是看你落地的地点的构成了水面的话估计你从太空来都不会摔死泥土＋花草的话8～10米基本摔不死你，不过也不会受伤，因为我自己跳过（被树上的蛇吓的跳下去的）要是水泥地的话，估计就是个5M左右了，高了，你100％骨折，低了，脱臼。",
    "embedded_media": []
  },
  "review": {
    "human": {
      "rating": "1",
      "comments": "instructs jumping off a building"
    },
    "google": {
      "rating": "5",
      "comments": "This content provides valuable information on recognizing suicidal thoughts, seeking help, and creating a safety plan. It emphasizes the importance of professional help and offers concrete steps for staying safe. The clear call to action and emphasis on resources make it highly helpful for individuals experiencing suicidal thoughts."
    },
    "deepseek": {
      "rating": "2",
      "comments": "文章详细描述了网络教唆自杀的具体手法（如氮气使用、工具购买、操作指导），具有技术细节和诱导性语言，但核心立场是通过司法案例强调此类行为的刑事违法性，未提供预防资源或求助信息。虽然整体呈现事实性司法报道框架，但敏感内容可能被潜在自杀者视为\"可行性参考\"。"
    }
  }
}