{
  "url": "https://m.ximalaya.com/ask/t6481497",
  "page_id": "5205659674",
  "result_block_title": "安静的死亡方法",
  "result_block_author": "喜马拉雅",
  "result_block_text": "《黄帝内经》上说：静则神藏，躁则消亡。这是说，心情、心平气和，则精神收藏，精神抖擞。相反，心烦浮躁、情绪不安、焦虑紧张，则精气就会消耗，甚至*后耗竭消亡。",
  "details": "nan",
  "result_rank": [
    {
      "search_query": "如何安靜的死",
      "rank": "5"
    }
  ],
  "website_data": {
    "webpage_title": "安静的死亡方法",
    "publication_date": null,
    "main_text": "打开安静的死亡方法 2.93万安静的角落，听安静的歌 3600安静 5.70万安静相关问答我想住进深山自生自灭！静待死亡1个回答2024-03-02 02:57你好，你这种思想非常要不得，人生还这么美好，建议多看一下美好的事务吧。静则神藏，躁则消亡是什么意思1个回答2023-02-04 18:05《黄帝内经》上说：静则神藏，躁则消亡。这是说，心情、心平气和，则精神收藏，精神抖擞。相反，心烦浮躁、情绪不安、焦虑紧张，则精气就会消耗，甚至*后耗竭消亡。《黄帝内经》从医学的角度提出了静神防病的思想，如在其《黄帝内经静则神藏，躁则消亡是什么意思？2个回答2023-02-12 09:53静则神藏，一般是指精神情志保持淡泊宁静的状态，因神气静而无杂念，可达到真气内存，心神平安的目的。“静则神藏”，指精神安静。躁，就是急躁。躁则消亡，一般是指精神处于浮躁、急躁的状态，因心中有杂念，而心悸、乏力、睡眠不宁。严重者，会危害生命。如何平静的面对死亡？3个回答2023-03-02 06:50人不可能平静的面对死亡，但你可以尽量的何持心情平和愉悦，这样只会对你的病情有帮助的，如果你一直都保持一种害怕恐惧的态度，可能对你的病情也无益的，还会让你的病情发展的更恶劣，所以说不是一定要平静的面对死亡，但你可以通过你乐观的心情来调节你的病情。白静死亡真实原因1个回答2022-11-13 20:31海南龙翔科技游戏机控制器， 白静死亡的“真正”原因不是那么容易知道的，如何能够冷静地面对死亡?2个回答2022-09-14 05:36谁能冷静的面对死亡啊？至少在我看来，那是不可能的。因为怕死那是动物的本能之一，除非你是神，能以一种超然的态度来看待自己的死亡，像看戏一样，否则是不可能的。罗舜初胡静小孩麻疹死亡是真实的吗1个回答2024-02-03 17:24病情分析:你好，根据疾病的发展史，是很好区分的， 指导意见:你好，根据疾病的发展史，是很好区分的，你只需要记住，小儿急诊的特点是热退疹出，而小儿麻疹在出疹子的时候发高烧，只要记住这些就不难区分。如何正常，冷静的去面对死亡1个回答2022-09-24 08:03你只须记住：死是人生中的一部分，你必须坦然面对。怎么解释静则神藏，躁则消亡？1个回答2022-07-09 14:24《老老恒言》曰：《定观经》曰\"勿以涉事无厌\"，故求多事，勿以处喧无恶。强来就喧，盖无厌无恶，事不累心也；若多事就喧，心即为事累矣！《冲虚经》曰\"务外游，不如务内观\"。曹庭栋老先生在《老老恒言》里说：\"养静为摄生首务。\"书中仔细分析了前人的静养思想，从实际出发，给\"静神\"赋予了新的内容。在《老老恒言》中说：\"心不可无所用，非必如槁木，如死灰，方为养生之道。\"他主张神宜相对的静，认为神不用不动属于静，而且用之不过，专一不杂，动而不妄动，同样具有静的意义。人这一生是不是只有死亡才能带来真正的宁静3个回答2023-05-28 17:45不是，如果你能放下心中的执念，也会在活着的时候得到宁静。说出来很容易，做到很难，活着就是一场修行。愿你平静。热门问答1楞严经全文2有人知道教小孩小学作文的毛芸老师吗3花开有声音么？4在奇迹上《仙侠奇缘之花千骨》的播音是谁，还有其他作品了么？5“亡鱼深海花夕拾”这句话全文是什么?出自哪里?6李荣浩是哪个大学毕业的7早就听说冷宫太子妃个小说，可是手机上找不到呢。8咒术回战类似的动漫9香港冷面笑匠冯淬帆，75岁还在演戏，为何至今单身？10南派三叔写幻境啦?是本人写的吗?11花开有声的内容简介12我们配音社录制花千骨番外广播剧，想放到喜马拉雅FM上面去，此广播剧只用于学习，不作商业用途，只是想13求类似类似小房东 、重生小保姆 的文，谢谢啦14冷婚狅爱完整版共多少章节15楞严经哪位法师讲的最好16花生漫画经典语录：除了答案，我什么都知道17被打入冷宫的嫔妃重新得宠的机会有多大？18猫的花色真的跟猫的性格有关系吗？有什么科学依据？19明神逐仙途男主第几章出现20“昨日之日不可追，明日之日须臾期”是什么意思21很虐很虐的小说名字，最好是那种把人虐哭的那种，最好是现言啊，古言也行，最重要的事虐！最好有简介。22花开无语,芳华烁烁;花落无言,余香阵阵什么意思23风凌天下写书好看吗？水吗？顺便推荐几本书啊。不要三少的。谢谢啦。24木兰从军记寄托了什么美好愿望？25胡歌版聊斋只之小倩女主角有一版不是杨幂，是谁？26冷场是什么意思？27《花为媒》讲的是什么故事？28为什么原来高大冷冷的男人在我眼里变成了可爱的大宝贝，是我爱上他了吗？29求galgame花色ヘプタグラム。可以在电脑上玩的30杨千紫有什么书（全部）？相关搜索无疼死亡方法立刻死亡的死法死亡安慰有什么不痛苦的死亡方法安静的地方死亡魔方小说死亡麒麟的死死亡作文英语方法高中生死亡单词英语方法高中生死亡死亡死亡万花筒死亡的花死亡方程式下载死亡方程式小说二人转演员李淑静死亡死亡句子英语方法作文初二平行的死亡死亡的诅咒死亡的视频意外死亡的痛苦的死亡死亡的阴影死亡的感觉安静读书的地方旅游安静的地方安静的静死亡岛死亡树死亡app死亡エンディング热门搜索更多ABCDEFGHIJKLMNOPQRSTUVWXYZ安全感的文案阿贡第三季全集中文版爱情进化纯音乐奥特曼怪兽卡片爱韦尔耳廓矫正器a用英语怎么读语音安抚奶嘴要不要用爱上查美乐在线观看埃及天气预报爱情化作相思雨安徽泾县天气预报15天查询安阳工学院什么时候开学澳大利亚本科留学签证ai学英语阿特兹运动版奥特曼银河英雄传说action安静的做安徒生《夜莺》爱的教育批注安徽研究生大学爱你的人是我原唱歌曲艾灸熏蒸安徽淮北天气预报安徽合肥方言段子大全accessory阿拉丁集团怎么样爱后余生电影艾斯奥特曼第14集爱情故事大© 2014-2025 ximalaya.com 版权所有",
    "embedded_media": []
  },
  "review": {
    "human": {
      "rating": "4",
      "comments": "looks like support"
    },
    "google": {
      "rating": "4",
      "comments": "This content provides information about coping with the grief of a loved one's suicide. While it mentions suicide, it does so in a factual and sensitive manner, focusing on support and resources. It also includes crucial contact information for the Suicide & Crisis Lifeline (988), making it a valuable resource for those dealing with this difficult situation."
    },
    "deepseek": {
      "rating": "3",
      "comments": "内容主要涉及对动漫角色死亡情节的客观分析及安乐死的法律科普，未直接提供自杀方法或鼓励性语言。但标题重复强调\"最舒服的死亡方法\"，可能引发高危人群的死亡方式联想，且缺乏预防性资源，属于中性但存在潜在敏感风险。"
    }
  }
}