{
  "url": "https://zhidao.baidu.com/index/?word=%E5%A6%82%E4%BD%95%E5%89%B2%E8%85%95%E8%87%AA%E6%9D%80%E4%B8%8D%E4%BC%9A%E6%AD%BB%EF%BC%9F&from=qb&ad_test=&Ycai_hit=281&uid=bd_1472568435_193&step=1",
  "page_id": "5354538718",
  "result_block_title": "搜索结果_如何割腕自杀不会死？",
  "result_block_author": "百度知道",
  "result_block_text": "割腕一般不会致命，原因在于伤口面积相对较小，出血量有限，只要及时救治 ... 单纯的割腕死不了的，血流着流着就凝固了。要加速血液流动，手腕浸水里,哪怕就是 ...",
  "details": "nan",
  "result_rank": [
    {
      "search_query": "割腕为什么死不了",
      "rank": "9"
    }
  ],
  "website_data": {
    "webpage_title": "如何割腕自杀不会死？",
    "publication_date": null,
    "main_text": "百度知道提问如何割腕自杀不会死？问一个关于吊针的常识2. 在割腕时，建议先饮酒并沐浴，以促进血液循环。割伤后，为防止血液凝固，应将手臂举起，将伤口放在温水里或面盆中，防止血液凝固堵塞伤口。3. 需要注意的是，手腕割断动脉不一定会导致死亡，这是医学界的共识。有专家指出，只要割伤动脉的一半以上或完全割断，就会造成严重后果。因此，确定切割位置非常...2024-07-12 快乐生活 2为什么割脉会死,而断臂不会死呢?有什么科学依据吗?第一，选择割腕的一般是自杀，因为这种方法会减少痛苦，令人在缺血的休克中慢慢死去，而且难度也非常大，因为人体拥有非常强大的愈合能力，在血小板的作用下，搞不好还没有等到失血休克，伤口就已经自动痊愈，所以一些选择自杀的人会拿一块湿毛巾，或者将手臂泡在温热的水盆里，不知道其凝固。而断臂就不同...2021-10-29 天蝎ghj176 5为什么割脉会死而胳膊全割了就不会?割腕一般不会致命，原因在于伤口面积相对较小，出血量有限，只要及时救治，通常可以挽回生命。当然，部分人为了增加自杀成功率，可能会采取加速血液循环的措施，但成功率尚不明朗。至今未见割腕自杀成功的案例。相比之下，跳楼和上吊的自杀成功率较高，尽管这种方式可能导致不雅的死亡形态。而砍断胳膊的情况多...2024-12-28 阿暄生活 为什么割手腕会死而断臂不会死?从理论上说，割腕自杀和断臂都不太容易死，但也有死亡案例，致死原因是失血过多。在正常情况下，成年人体内的血液总量大约为5L，当失血量达到1200ml时，也就是总血量的30%，失血者就会出现中度失血性休克，这时候就有生命危险，失血量继续增加就会导致重度失血性休克。因此，无论是割腕自杀还是断臂，都...2022-03-24 hcy5757手腕割破怎么办?割脉引起大量出血，使肢体循环血量骤减，若延误抢救时间则会出现休克而死亡。急救措施 1、迅速将无菌棉垫或消毒纱布多层压迫止血，或加压包扎伤口。2、加压包扎后出血仍不止者，应在心脏近端按规定方法行止血带止血，或在血管搏动明显处采用血管钳止血。3、自杀者取头低足高位，以保证脑部和重要脏器的血液...2022-07-27 vforTN搜索不满意？来提问今日已解答93345个去提问如何割腕自杀不会死？割脈會致人死亡,為什麼有些人斷了一只手卻不會死呢?割腕自杀的原理是因为流血过多，血液站人体体重的百分5左右，当失血1000CC可能休克！以至死亡，抢救及时当然可以幸免，手臂断掉抢救及时同样不会有生命危险！！2014-08-25 TA0026A为什么断臂不会死割腕会死后期伤口不感染或者感染得到控制，是不会死人的。而割腕通常是自杀者的行为，不会主动采取措施止血，所以割腕的出血速度虽然比断臂要慢得多，但是缓慢的出血不控制同样会造成失血性休克甚至死亡的。但割腕致死的前提是要割得足够深，必须割破桡动脉或尺动脉，如果只割破了静脉，血会自然止住的。2013-09-13 liuyvjie4 4不用受苦就能死去的方法首先，水温过低可能导致冻伤，进一步损害身体组织。其次，心理上的放松并不能真正消除割腕带来的生理疼痛。此外，这种方法并未经过科学验证，其效果和安全性无法保证。重要的是，任何有关自杀的想法和行为都应该引起高度重视。如果感到情绪低落或有自杀倾向，应该及时寻求专业帮助，与家人、朋友或心理咨询师沟通...2024-12-21 湖北倍领科技 为什么割腕会死人单纯的割腕死不了的，血流着流着就凝固了。要加速血液流动，手腕浸水里,哪怕就是没割到主动脉或者静脉,温水也可以让伤口不愈合,直至流血过多死亡。“割脉”所说的“脉”指的是人双手碗平放时靠外侧的动脉（把脉就是把的这根脉，用手指摆上去可以感觉到一跳一跳的，你可以试试）,然而这根脉被...2022-08-20 澶╄潕澶у北鐨勫瓙瀛 11为什么砍掉手不会死?砍掉手会引起大出血。不及时止血，还是会死的。只不过割腕是为了自杀？所以不会救治。一般自杀的不会直接把手割断的，所以一般都是事故。求生欲让她止血。所以不会死2018-12-29 ddjsjsjsdhhdh 9第11-20个相关问题人割腕会死,为什么砍手不会呢?砍手也会死而且死的比割腕快的多。一般自杀都是割腕因为疼痛可以忍受不会叫唤，然后失血过多昏迷然后死，而砍手我相信你即使在叔女也会发出杀猪般的嚎叫，以你为中心方圆一公里以内都听的到，自杀未必成功啊2017-11-25 ¤漫步云端¤ 22为什么砍掉手不会死?砍掉手会引起大出血。不及时止血，还是会死的。只不过割腕是为了自杀？所以不会救治。一般自杀的不会直接把手割断的，所以一般都是事故。求生欲让她止血。所以不会死2018-12-29 ddjsjsjsdhhdh 9为什么砍掉手不会死?砍掉手会引起大出血。不及时止血，还是会死的。只不过割腕是为了自杀？所以不会救治。一般自杀的不会直接把手割断的，所以一般都是事故。求生欲让她止血。所以不会死2018-12-29 ddjsjsjsdhhdh 9为什么割脉搏会死,但是整只手割掉了却不会死割脉会死是因为割破动脉，流血过多而亡。但如果割掉整个胳膊，在止住血的情况下，形成新的流通，人就不会死了。2008-04-09 木虫头子 1人为什么不能掐自己的脖子而死拜托各位大神如果说上吊，割腕难度系数是1的话，扼喉的难度系数最起码是3. 不是说自己扼喉可以不死，而是用这种方法的人，需要自控能力很强！才行。因为生命的主控权在自己，人生来就有保护自己的一种简单反射！许多人会受不了这种痛苦！所以松开自己的手！而且扼喉持续时间也较长！ 当然历史上也不是没有发生过...2014-08-16 爱你yhy0 1。开开心心,健健康康,平平安安?在思考生命的意义时，人们不禁会问：开开心心、健健康康、平平安安，是否真的是一生中最重要的追求？面对生活的压力与挑战，有人选择通过各种方式寻求解脱，然而自杀并非解决问题的良方。自杀的方式多种多样，但成功率与后果各不相同，让我们一起来探讨。首先，让我们从割腕谈起，这是成功率最低的自杀...2024-09-12 文暄生活科普 为什么割脉会死而胳膊全割了就不会?呵呵，看来楼主不明白割脉死亡的原因 割脉自杀是由于自己的动脉被割破，人是由于失血过多而死亡的。而楼主说的胳膊全割了，应该是做手术吧，这个时候医生会将血管末端封堵，或者其他方法阻止流血，而且还会给患者输血，。。。保证了患者失血不会过多 如果是自杀的话，割整条胳膊死的更快，不过我认为没...2009-04-07 duaiduaihu 10关于人左手大动脉的具体情况!强烈好奇中,请速答!当出血量达1500毫升以上时，会引起大脑供血不足，伤者出现视物模糊、口渴、头晕、神志不清或焦躁不安，出现昏迷症状。 但是割腕自杀成功率真的很低，割得不够深，割错位置反而把正中神经，腕屈肌等给割断了，后面死不成还算残疾。割对了以后加上血液会自凝，也不见得失血过多，有些泡浴缸温水里，...2010-01-20 『agonal』 10为什么武侠剧断臂不会因为失血过多而亡?科学地讲，一般来说割腕自杀大多数情况下死不了，原因是人们的重要血管都在骨头后面被遮挡住了，想割也割不着。割腕大多数人割到的都是静脉、毛细血管等，很少人能割到大动脉。没有大血管，人体有血自凝功能，血还没流出多少就凝住了，所以割腕也就不会失血过多死亡，不过痛苦是必然的。断了手臂，...2022-06-16 仰之安女儿割腕自杀怎么办?割脉引起大量出血，使肢体循环血量骤减，若延误抢救时间则会出现休克而死亡。急救措施 1、迅速将无菌棉垫或消毒纱布多层压迫止血，或加压包扎伤口。2、加压包扎后出血仍不止者，应在心脏近端按规定方法行止血带止血，或在血管搏动明显处采用血管钳止血。3、自杀者取头低足高位，以保证脑部和重要脏器的血液...2022-08-21 vforTN第21-30个相关问题为什么电视里割腕自杀割的是里面电视节目或电影中描绘的割腕自杀场景，常常显示角色在腕部的内侧进行切割，这是为了视觉效果而选择的一种表现方式。实际上，手腕内侧的血管较为丰富，包括尺动脉和桡动脉，因此这样的切割更有可能造成严重的出血，甚至致命。在现实生活中，割腕是一种极其危险的行为，可能会导致严重的身体伤害和生命威胁。2024-07-11 快乐生活 自杀通常会涉及多少种方式?自杀方式多种多样，但具体涉及多少种难以精确计数。常见的自杀方式包括服毒，比如吞食农药、有毒化学物质等，这些毒物进入人体后会破坏身体器官的正常功能，导致中毒甚至死亡；还有自缢，通过绳索等缢吊颈部，使呼吸道受阻、脑部缺氧进而危及生命；割腕也是较为常见的一种，利用刀具等利器割破手腕动脉，造成大量...2025-02-07 探秘自然与科技 我为什么不建议你割腕自杀生理学告诉我们，人体有自我保护机制——凝血功能。电影中的浴缸浸泡法可能延长死亡时间，而非带来解脱。这样的行为，与其说是寻求死亡，不如说是在逃避现实的痛苦。自杀背后的动机并非表面看起来那么简单 或许你见过身边人割腕，但他们可能并非寻求死亡。比如那个女孩，她割伤自己并非想死，而是为了释放情绪，...2024-04-06 武汉誉祥科技...被别人用圆规捅破手上静脉血管,不及时抢救会死的?不会的，电视上割腕自杀的，那是割破了动脉血管，造成流血过多而死的，你说的这个情况是静脉血管，压力不大，不会照成流血不止的！2020-05-19 热心网友为您推荐割腕后怎么止血?割脉引起大量出血，使肢体循环血量骤减，若延误抢救时间则会出现休克而死亡。急救措施 1、迅速将无菌棉垫或消毒纱布多层压迫止血，或加压包扎伤口。2、加压包扎后出血仍不止者，应在心脏近端按规定方法行止血带止血，或在血管搏动明显处采用血管钳止血。3、自杀者取头低足高位，以保证脑部和重要脏器的血液...2022-08-15 vforTN割腕自杀的人为什么不选择割颈动脉?rt与割颈动脉不同，割腕后自杀者有一段时间可以思考并决定是否继续自杀。这段时间可能不足以进行彻底的反思，但足以让人重新考虑生死问题。另一个值得注意的优势是，割腕后的救治相对容易。虽然这种方法仍然非常危险，但如果自杀者突然改变主意并寻求救治，他们的生存机会相对较高。救治的方法是用绳子绑紧手腕...2024-12-21 校企律说法 死亡到底有多可怕但在我所在的地方，割腕的自杀并不多见。想象一下，要割断腕部血管并等待失血致死，需要一个小时左右的时间。在这段时间里，许多人可能会犹豫或放弃，也有可能被发现并得到治疗。因此，选择简单直接的方式，如割颈，表明他们的决心更为坚定。我从未见过仅通过割腕死亡的案例，倒是经常看到有自杀者腕部的...2024-03-04 快乐生活 我活了一辈子,总在想自己究竟最后是怎么死的.求大神帮助致死原因：由于大脑和内脏缺氧，新陈代谢逐渐减慢，最终导致死亡。注意事项：这种方式相对简单直接，最好在身上多带一些重物，以防没死却被水压推上来。选择一个偏僻的地方进行，以免有人救助。这种方式不会带来太大的痛苦。推荐指数：★★★ 3. 服毒式：这是一种古老而传统的自杀方式，结合了人体生理学...2024-02-04 快乐生活 2甄嬛传:叶澜依自尽时,为什么把手放在水盆中呢?于是就和甄嬛联手，把害死果郡王的雍正给除掉了，雍正死后，果郡王的大仇报了，他和甄嬛的孩子也没有了威胁，这样一来，叶澜依也就没有活着的意义了，所以她就想殉情。我们都知道血是会凝固的，只有遇到水，浓度高的血才会一直留向浓水低的水，这样也就能加快了死亡的速度，叶澜依割脉自尽就是利用这个...2021-03-02 佑芝天地《甄嬛传》叶澜依自尽为什么放一盆水?《甄嬛传》叶澜依自尽放一盆水是为了让伤口的血不凝固。剧中的叶澜依最后是割腕自杀，但是如果割腕没有伤及到动脉或者是出血量少，是不会很快去世的。所以叶澜依在身旁放了一盆清水，让伤口不会凝固，源源不断的往外流出鲜血，这样叶澜依寻死也就更快了。其实在剧中这盆水还有一层意思，这盆清水...2022-04-01 UK98zl 4去提问十分钟内有问必答立即下载APP名称：百度知道   版本号：9.2.6开发者：百度在线网络技术（北京）有限公司隐私政策应用权限登录 注册 反馈 申诉电脑版 ©2025 Baidu京ICP证030173号-1   京网文【2023】1034-029号",
    "embedded_media": []
  },
  "review": {
    "human": {
      "rating": "2",
      "comments": "Useless links pointing out, could be harmful"
    },
    "google": {
      "rating": "1",
      "comments": "This content is extremely dangerous. It lists specific methods of suicide, including  \"窒息死亡\" (suffocation), \"火山熔岩的奇妙之旅\" (a volcanic lava trip), and \"密探切尔诺贝利区\" (exploring Chernobyl). The text also mentions \"安乐死\" (euthanasia) and \"快速死的办法\" (quick ways to die). This content clearly encourages and promotes dangerous behavior, making it highly unsafe."
    },
    "deepseek": {
      "rating": "4",
      "comments": "内容提供专业自杀风险评估工具（SAD PERSONS量表和MINI问卷），并明确建议中/高风险者寻求专业帮助，属于预防导向。但未直接附上求助热线或显性危机资源链接，且包含部分敏感指标（如性别/年龄差异、自杀方法成功概率），可能对高危群体产生潜在暗示作用。"
    }
  }
}