{
  "url": "https://nsa-sleep.com/archives/2502",
  "page_id": "5619025037",
  "result_block_title": "安眠藥要吃幾顆才會死：專業解答與風險警示",
  "result_block_author": "國睡局",
  "result_block_text": "般來說,成年人如果一次性服用10-20顆常見的安眠藥,如二氮卓類藥物,就有可能危及生命。 但是,對於某些特殊人群,如兒童或老年人,可能只需要5-10顆就會中 ...",
  "details": "2024-10-14 00:00:00",
  "result_rank": [
    {
      "search_query": "安眠药致死需要多少剂量",
      "rank": "7"
    }
  ],
  "website_data": {
    "webpage_title": "安眠藥要吃幾顆才會死：專業解答與風險警示",
    "publication_date": "2024-10-14T23:11:42+08:00",
    "main_text": "安眠藥要吃幾顆才會死：專業解答與風險警示\n所有睡眠問題交給 MindUP就對了\n安眠藥過量有何風險？\n安眠藥要吃幾顆才會死\n如何正確使用安眠藥\n安眠藥過量的症狀與應對\n尋求專業協助的重要性\n所有睡眠問題交給 MindUP就對了\n文章導覽\nSimilar Posts\n憂鬱症是什麼感覺？深入了解抑鬱症狀與治療\n吃完飯想睡覺：原因與改善方法解析\n不明原因發燒 頭痛：原因與處理方法\n改善睡眠品質的五大祕訣\n女性偏頭痛原因：常見症狀與預防方法\n台灣專家解析：認識與治療廣泛性焦慮症\n其他衛教文章\n國睡局 - 你的專屬睡眠知識庫\n許多人對於安眠藥的使用都存在著一種迷思和恐慌。究竟要吃多少安眠藥才會造成生命危險呢?這是一個很多人都關心的問題。然而,這個問題的答案並沒有一個固定的標準,因為它會因人而異,取決於許多因素。\nMindUP是一套整合數位醫療輔助系統的解決方案。透過 MindUP，將能協助你精準快速地篩檢睡眠問題，提供個人化的改善建議，讓你擁有更好的睡眠。想要解決睡眠問題，趕快聯繫我們的睡眠專家，與你一起找到改善睡眠品質的最佳方案。\n\n本文將深入探討安眠藥的相關風險,包括過量使用的症狀和後果,同時也會提供正確使用安眠藥的建議,希望能夠給有需要的人一個專業的指引。讓我們一起揭開安眠藥的神秘面紗,了解如何才能安全地使用這種藥物。\n身為讀者,您可能已經對此有所了解,但仍然存在一些疑問和擔憂。我們將竭盡全力為您提供詳細而又準確的資訊,希望能夠解答您的疑問,並提供適切的建議。讓我們一起探討這個重要的話題,共同維護大家的健康和安全。\n服用安眠藥如果超過建議劑量,可能會造成嚴重的健康危害。過量服用安眠藥會導致一系列不良反應,包括嗜睡、呼吸抑制、心臟和血壓下降,甚至可能引發致命的中毒。\n以下是服用安眠藥過量的主要風險：\n\n無論是出於治療失眠還是其他原因,都要謹慎使用安眠藥。應該按照醫生的指示服用,並密切關注身體反應。一旦出現任何不適,都應立即停藥並尋求專業醫療建議。\n安眠藥是一種常見的治療失眠的藥物,但是如果使用不當,就可能會發生中毒的情況。到底要吃幾顆安眠藥才會危及生命呢?這個問題很多人都很好奇,但也很擔心。\n根據醫學專家的解釋,安眠藥的致命劑量取決於多種因素,包括個人體質、併用其他藥物、藥物濃度等。一般來說,成年人如果一次性服用10-20顆常見的安眠藥,如二氮卓類藥物,就有可能危及生命。但是,對於某些特殊人群,如兒童或老年人,可能只需要5-10顆就會中毒。\n值得注意的是,即使服用安眠藥的劑量低於致命劑量,長期使用也可能會造成其他嚴重的健康問題,如藥物依賴、呼吸抑制、記憶力下降等。因此,在使用安眠藥時一定要遵醫囑,謹慎服用,並定期檢查身體狀況。如果出現任何不適,應立即就醫。\n「安眠藥是一種治療失眠的有效方法,但使用時務必小心謹慎,切勿過量。」——某知名睡眠科醫生\n總之,安眠藥的致命劑量是一個很複雜的問題,沒有一個標準答案。但我們應該充分重視安眠藥的風險,遵醫囑謹慎使用,維護自身健康。\n使用安眠藥時需要遵循以下原則,以確保用藥安全和療效:\n正確使用安眠藥有助於穩定睡眠,提高睡眠質量。但必須謹慎服用,切勿將其視為解決問題的萬能藥。長期依賴會造成成癮,危害健康。若無法自行控制用藥,應盡早尋求專業幫助。\n「安眠藥並非一蹴而就,需要循序漸進地調理身心,才能達到真正的安眠。」\n\n過量服用安眠藥可能會導致嚴重健康問題,因此必須立即採取正確的應對措施。以下概述了一些主要症狀及其相應的處理方法。\n首先,過量服用安眠藥可能會引起嗜睡、呼吸抑制和血壓下降等問題。在這種情況下,應立即停止服藥並撥打緊急救援電話,同時保持清醒狀態並保持呼吸暢通。\n其次,過量服用安眠藥還可能導致嚴重的肝腎功能受損。此時,應立即就醫並接受檢查,醫生可能會採取藥物解毒或洗胃等措施。\n“過量使用安眠藥可能危及生命,務必小心謹慎。”\n當安眠藥使用失控或造成不良反應時，尋求專業協助是非常重要的。醫生或其他專業人士能夠提供適當的指導和治療方案,幫助患者安全地管理藥物使用,並避免出現潛在的健康問題。\n醫療團隊可以評估患者的具體情況,包括用藥歷史、症狀表現和可能的危險因素。他們將根據個人需求制定治療計劃,可能包括調整劑量、轉換藥物種類或提供輔助療法等。專業人士還能提供心理支持和建議,協助患者應對藥物依賴或其他相關的情緒問題。\n尋求專業協助不僅有助於安全有效地管理安眠藥的使用,也能防止問題惡化或導致嚴重的健康後果。患者應主動與醫療團隊溝通,共同制定最佳的治療方案,以確保自身的身心健康。\nMindUP是一套整合數位醫療輔助系統的解決方案。透過 MindUP，將能協助你精準快速地篩檢睡眠問題，提供個人化的改善建議，讓你擁有更好的睡眠。想要解決睡眠問題，趕快聯繫我們的睡眠專家，與你一起找到改善睡眠品質的最佳方案。\n若你或你的親友可能正受憂鬱症所苦，你需要了解這種心理健康疾病的感覺和症狀，以便提供適當的支持和幫助。憂鬱症是一種常見的心理疾病，影響著許多人的生活。它不僅僅是個人情緒的波動，而是一種嚴重且持續的心理狀\n了解更多憂鬱症是什麼感覺？深入了解抑鬱症狀與治療Continue\n在進餐後感到困倦乏力是一種常見的生理反應。這通常是由於身體專注於消化食物而導致的。然而,長期的飯後嗜睡可能會對工作和生活產生不利影響。本文將深入探討吃完飯想睡覺的原因,並提供實用的改善方法,幫助讀者保\n了解更多吃完飯想睡覺：原因與改善方法解析Continue\n面臨不明原因的發燒和頭痛,往往會讓人感到困惑和焦慮。這種情況可能由多種潛在的健康問題引起,包括感染、疾病或其他生理因素。及時了解症狀的嚴重程度並採取適當的治療措施,對於恢復健康至關重要。本文將探討不明\n了解更多不明原因發燒 頭痛：原因與處理方法Continue\n在現代社會裡，一個良好的夜間休息已經成為许多人夢寐以求的奢侈品。由於工作壓力、生活節奏的加快與數碼設備的普及，許多人發現自己的睡眠品質正逐漸走下坡路。然而，睡眠不僅對身體健康至關重要，它還深刻影響著我\n了解更多改善睡眠品質的五大祕訣Continue\n偏頭痛是一種非常常見的神經性頭痛,對女性的影響尤其顯著。根據研究,女性患有偏頭痛的機率比男性高出三倍。究其原因,主要源於女性身體結構和生理特點的獨特性。了解造成女性偏頭痛的常見原因,有助於採取有效的預\n了解更多女性偏頭痛原因：常見症狀與預防方法Continue\n廣泛性焦慮症，在台灣已經成為一個備受關注和討論的議題。越來越多的人意識到這種精神疾病對個人的影響和社會的影響。 在這篇文章中，我們將向您介紹台灣專家對廣泛性焦慮症的解析，並提供詳細的治療建議和相關資訊\n了解更多台灣專家解析：認識與治療廣泛性焦慮症Continue\nMindUP 睡眠健康管理平台提供個人化的睡眠改善建議藉此提升人們的睡眠品質與整體健康\n無論您遇到睡眠困擾、失眠或其他問題，您可以透過「睡眠檢測」了解自身的狀況，我們將竭盡所能提供專業建議和支持。隨時聯繫我們，共同找到改善您睡眠品質的最佳方案。\n© 2025  MindUP 腦醒訓練+",
    "embedded_media": []
  },
  "review": {
    "human": {
      "rating": "3",
      "comments": "gives lethal dose information but also recommends help"
    },
    "google": {
      "rating": "1",
      "comments": "This content is extremely dangerous. It provides detailed descriptions of suicide methods, including specific locations, materials, and even positions. It also minimizes the seriousness of suicide by suggesting that it's a matter of \"willpower\" or \"decision\" and includes jokes about the act.  There's no attempt to offer resources or prevention information, making it highly likely to encourage and potentially facilitate self-harm."
    },
    "deepseek": {
      "rating": "1",
      "comments": "内容明确列举自杀方法（如无痛药物注射、低温处理），使用煽动性标题（\"教你自杀不痛的方法\"\"30秒无痛去世\"），部分段落虽提及法律框架但整体未提供预防资源，可能直接推动有自杀倾向者采取行动。"
    }
  }
}