{
  "url": "http://www.360doc.com/content/17/0311/17/14106735_635857084.shtml",
  "page_id": "5622634388",
  "result_block_title": "为什么电视剧里割腕自杀就会死，断了手臂却还活着？",
  "result_block_author": "360Doc",
  "result_block_text": "1.电视剧割腕会死是因为导演要他死，不得不死，生活中割腕是很难死人的，除非割断动脉，并且在足够的温水中洗刷伤口，或者用了抗凝剂血凝不起来，或者用特殊的 ...",
  "details": "2017-03-11 00:00:00",
  "result_rank": [
    {
      "search_query": "割腕为什么死不了",
      "rank": "8"
    }
  ],
  "website_data": {
    "webpage_title": "为什么电视剧里割腕自杀就会死，断了手臂却还活着？",
    "publication_date": null,
    "main_text": "为什么电视剧里割腕自杀就会死，断了手臂却还活着？\n\n\n发文章\n发文工具\n撰写\n网文摘手\n文档\n视频\n思维导图\n随笔\n相册\n原创同步助手\n其他工具\n图片转文字\n文件清理\nAI助手\n留言交流\n\n首先你说的都是电视剧中，那是属于一种艺术创作，有文艺的手法在里头。创造文艺作品的人姑妄言之，我们就姑妄听之。看电影主要享受其画面、音乐、剧情等元素综合构造的一种艺术氛围，至于里面的细节是不是科学，还是要以科学判断为准，不能受其误导。\n\n一般来说割腕自杀大多数情况下死不了（当然不是说毫无例外的绝对不会是死；反之，手臂断了如果不是紧急、成功的科学处置的话，基本都会因失血过多而死。\n割腕自杀有些盲目，没有高超的技术和足够的时间一般是死不了的。原因人类在长期的生物进化过程中，重要血管由于人的自我保护作用，发育时都在骨头后面被遮挡住了，想割也割不着。再加上腕部没有大血管，割腕大多数人割到的都是静脉、毛细血管等，很少人能割到大静脉。没有大血管，人体有血自凝功能，血还没流出多少就凝住了，所以割腕也就不会失血过多死亡，而且还会痛苦，由于腕部有大量肌腱及非常重要的神经，最后导致腕部伤残手指麻木不能活动，肌肉萎缩影响外观，割腕自杀就是得不偿失。\n断了手臂，只要及时止血并积极正确治疗，避免手术后的感染，能活下来根本不是奇迹。甚至如果处置及时，在高明的外科医生的处置下，不但手臂包括好多神经都可以接起来，回复原来的功能。\n在这里，只作一般的科学性分析，朋友们千万不要去尝试！\n在这里，只作一般的科学性分析，朋友们千万不要去尝试！\n这个可能我比较清楚，那是比较早的时候了。一个案子的嫌疑人交代了犯罪事实之后，觉得没脸见人了，趁别人不注意，踩碎眼镜用碎片割脉。结果先是割断了上面的静脉，本来打算继续割下面的动脉，但是下不去手了。流血确实很多，他自己害怕了，站起来想呼救，结果失血过多昏倒了。等我们跑过去的时候，血已经止住了，送到医院后医生说没有生命危险。\n我当时看过伤口，一般来说动脉很深，没有医学知识，没有超级大的勇气，没有超级忍耐力，自杀的时候根本不可能割到动脉，基本上都是割静脉。由于静脉的压力相对小，止血并不难。\n所以实际上，割脉一般不会死。相反，如果砍断手臂，不在短时间内送医院，则必死无疑。电视剧里的毕竟是虚构，不可信。\n以前高中不懂事割过，现在想想根本不是能忍受的，一开始没百度，就知道往中间横着割，割了一刀出血了，没多久凝了！！！狠心照着原来的伤口又来一刀，疼的心都抽了，都能看到肉隔层了，还是没用，觉得可能方法不对，百度了一下，才知道割错地方了，这次下狠心照着手腕侧面狠扎了一刀，很快的一刀明显感觉碰到骨头了。。实际还是不对，且是手腕没有很深，但是疼出天际了，这下彻底不试了，后来隔壁班有个摔一跤不小心胸部碰到停车柱子内出血死了的，亲眼看到救护车把他带走之后我就觉得，没什么意义了，那个想活的反而没活下去我比他幸运多了\n现在手腕两道疤特别丑，后悔得不行，而且一回想那种疼痛再也不敢想了，还是活着好，就是一直在考虑要不要纹个什么，但又怕以后应聘有困难\n手臂离断后，血管断端挛缩，出血量减少。而且断臂者有主观求生意识，会采取压迫等止血方式，也会减少出血量，所以生存机率高。反之，一些割腕者由于疼痛与恐惧，切割部位浅，未能完全切断尺动脉，动脉挛缩致使切口扩大，断端无法形成血凝块堆积，割腕者因求死不采取止血措施，最后因失血过多而死。即使一些割腕能完全离断动脉，但是由于主观求死会在断端上方血管造成多个缺口，同样造成大量失血。\n当然，以上都是可能，而不是绝对的切腕死断臂生。电视剧剧情需要，会夸张处理，造成题目出现的情况。\n现实中，割腕如果伤口不够深，（毕竟不是谁都下能对自己下的了狠手）伤口是会自动愈合的，死不了，所以电影里很多角色割腕自杀的话都会选择泡在浴缸里，因为有水浸泡伤口，伤口愈合不了所以就会慢慢失血过多而死亡，当然过程也漫长而痛苦。而断臂的话，如果不主动压迫止血，如用皮带止血带等绑住断面上方的手臂，血流不止，人也会死的，割腕的伤口和断臂的伤口根本不是一个级别的。电影里或者现实中断臂一般是因为意外，所以伤者通常会采取自救措施。而你没见过哪个人自杀会把自己的整只手砍下来吧？用刀捅自己心脏或者抹脖子痛快多了。\n割腕死亡的案例极其罕见。因为手腕的动脉隐藏的非常深，如果想割到，需要剥离得非常深。对于没有解剖学知识的人是非常难做到的。而且这种疼痛一般人无法忍受。即使大量饮酒并把手腕浸泡在热水中，凝血机制也会让静脉的伤口不再流血。一句话：割腕自杀，是一种绝望的宣泄，但却不是离开的手段。如果你想通过自杀表达什么又不太想离开，割腕是最佳的选择。\n中医有把脉技术，脉绝身亡在中国古代视为理所当然。所以很多古代文献中有割腕之说，其实是想割脉。现代医学已经清楚，所谓脉，其实是动脉搏动。割腕就是要割断动脉。一方面，动脉不容易割断，另外即便动脉割断了，由于出血多会引起休克，这时血压下降，出血会减慢，同时血液有凝血机制，出血可能自动停止。因此，割腕和割断身体其它血管一样，只有救治及时，往往不会死亡。\n1.电视剧割腕会死是因为导演要他死，不得不死，生活中割腕是很难死人的，除非割断动脉，并且在足够的温水中洗刷伤口，或者用了抗凝剂血凝不起来，或者用特殊的刀具扎破血管，如三菱的小针，这样动脉就不能自行止血，或留置一根动脉导管，血可以一直放干。这样，才有可能死，注意，只是有可能，不一定都会死，有的血自然也就止住了。\n2.断了手臂也可能死，在没有人为压迫止血的情况下，看动脉损伤情况，动脉断了会保护性收缩，慢慢也就止住血了，刚开始止不住，出的多了，也就休克了，然后就止住了，然后半死不死，抗到自己恢复过来或被救。动脉损伤的厉害，受损了也可能导致开口更大，这种一般就死了。还有断了手臂又碰上我上面说的割腕的死法就很难止住血了\n你傻不傻，割腕自杀是因为他想死，别说割腕了，就是随便割一条大血管让血一直流你都会死，就你说的断了手臂还活着这个问题就更傻了，还活着是因为伤口处理好了血止住了，不然你把手切断然后让血一直流试试，保准比割腕死的还快，你这问题问出来就是没经过大脑的，\n其实很简单，导演让你三更死你活不到五更。现实中割腕后不泡热水里面是死不了的，胳膊动脉才多粗啊愈合很快的。\n\n\n来自：pgl147258>《为什么 ? 日》\n\n0条评论\n发表\n请遵守用户评论公约\n为什么割腕会死，杨过断了条手臂却依然能活出精彩？\n为了防止伤口感染，应尽量把伤口内的脏东西清除。同时及时查看伤口，观察伤口的位置、大小和出血情况，判断身边可以辅助用到的物品，迅...\n丁香园论坛\n简要病史：凌晨2点，患者酒后自己使用电锯（实际为切割机），锯掉左足，左踝，左前臂，锯伤颈部。5、追问病史，患者家属不承认精神病病...\n为什么有些人割腕会死，武松断了整条胳膊却没事？答案原来不简单\n腋窝处动脉血管为腋动脉，上臂肱二头肌内侧为肱动脉。断臂往往引起肱动脉截断，割腕则指的是割破尺动脉和桡动脉。所以，无论是割腕还是...\n冷知识：为什么割腕会死，但杨过断了整条手臂却没有事？\n冷知识：为什么割腕会死，但杨过断了整条手臂却没有事？那么大的一个伤口都能阻止血流出来吗?实际上，如果一个人的手臂被砍断了，由于我...\n少量出血的紧急处理\n1．暂时止血法。①指压止血法。在伤口上方，，即近心端，找到搏动的动脉血管，用手指或手掌把血管压迫在骨头上，即可止血。止血带必须上在患肢伤口的近心端，肘关节以下的伤口应将止血带上在上臂；有结...\n脚背主动脉血管破裂\n脚背主动脉血管破裂    病情分析：      您好！外伤导致皮肤及皮下静脉或者动脉（一般皮肤及皮下较粗的血管多为静脉，动脉损伤出血多为喷射状），损伤及断裂在创伤外科是比较常见的。指导意见：      ...\n如何分辨动静脉出血，不要慌，弄清这几点来判断\n1、伤口喷出大量血液；然后，根据伤口的形状制作干净的布块，压在伤口上，使伤口局部高于周围皮肤，然后用纱布或绷带包扎止血，亦或者使...\n动静脉内瘘的常见并发症\n动静脉内瘘的常见并发症。动静脉内瘘是指动脉、静脉在皮下吻合建立的一种安全并能长期使用的永久血管通路，包括直接动静脉内瘘和移植血...\n受伤了如何快速止血\n1、 小伤口止血法。除上述包扎止血方法外，还需压迫伤口止血。在家处理伤口，尽量不要用止血粉，否则会刺激伤口，还会盖住创面，为医生...\n\n\n微信扫码，在手机上查看选中内容\n微信扫码，在手机上查看选中内容",
    "embedded_media": []
  },
  "review": {
    "human": {
      "rating": "2",
      "comments": "tells you how to do it, doesnt encourage, references tv cases"
    },
    "google": {
      "rating": "1",
      "comments": "This content is extremely unsafe and harmful. It provides detailed descriptions of various suicide methods, including instructions and \"注意事项\" (precautions) for each.  It trivializes suicide and presents it as a solution to problems, which is highly dangerous. The inclusion of humorous elements, such as \"看广告自杀\" (commit suicide by watching commercials), further exacerbates the risk. This content should be flagged and removed immediately."
    },
    "deepseek": {
      "rating": "2",
      "comments": "文章以科学分析为主，详细描述了割腕自杀的技术性难点（如动脉位置、凝血机制等）和断臂存活机理，虽多次强调\"不要尝试\"并提及痛苦后果，但客观上仍披露了具体自杀手法细节（如使用抗凝剂、温水浸泡等）。文中部分段落涉及不同自杀方式效果对比（如捅心脏/抹脖子更致命），虽未直接煽动，但存在信息敏感度风险。"
    }
  }
}