{
  "url": "https://www.facebook.com/SinChewDaily/posts/%E6%98%A8%E5%8D%88%E4%BB%8E%E5%AD%A6%E6%A0%A13%E6%A5%BC%E5%9D%A0%E6%A5%BC%E7%9A%8413%E5%B2%81%E4%B8%AD%E4%B8%80%E5%AD%A6%E7%94%9F%E5%B7%B2%E4%BA%8E%E4%BB%8A%E6%97%A5%E5%87%8C%E6%99%A812%E6%97%B630%E5%88%86%E5%B7%A6%E5%8F%B3%E9%80%9D%E4%B8%96%E6%98%9F%E6%B4%B2%E6%97%A5%E6%8A%A5-sinchew/873269434834585/",
  "page_id": "6274604123",
  "result_block_title": "昨午从学校3楼坠楼的13岁中一学生，已于今日凌晨12时30分 ...",
  "result_block_author": "Facebook · 马来西亚星洲日报 Malaysia Sin Chew Daily",
  "result_block_text": "昨午从学校3楼坠楼的13岁中一学生，已于今日凌晨12时30分左右逝世。 #星洲日报#sinchew.",
  "details": "nan",
  "result_rank": [
    {
      "search_query": "30楼跳下去会立即死亡吗",
      "rank": "9"
    }
  ],
  "website_data": {
    "webpage_title": "马来西亚星洲日报 Malaysia Sin Chew Daily's Post",
    "publication_date": null,
    "main_text": "昨午从学校3楼坠楼的13岁中一学生，已于今日凌晨12时30分左右逝世",
    "embedded_media": []
  },
  "review": {
    "human": {
      "rating": "2",
      "comments": "Demonstrates a news instance of a kid falling from 3rd floor"
    },
    "google": {
      "rating": "1",
      "comments": "This content is highly unsafe and harmful. It explicitly discusses the desire to die,  details a desire to disappear without a trace, and expresses a sense of hopelessness and alienation.  The phrases \"安静的去死\" (die quietly) and \"如何安静的去死，连尸体都找不到的那种\" (how to die quietly, so that even the body cannot be found) are deeply concerning and could be interpreted as seeking methods for suicide. This content does not provide any mental health resources or information on suicide prevention."
    },
    "deepseek": {
      "rating": "2",
      "comments": "内容以中立、学术性的方式详细列举了多种自杀方法的技术细节（如致死率、实施步骤、历史案例），并引用了大量研究数据，但未包含预防资源或鼓励性语言。尽管未美化自杀，但敏感信息的客观呈现可能对有自杀倾向者造成潜在风险。"
    }
  }
}