{
  "url": "https://www.zhihu.com/question/33627410",
  "page_id": "6588815577",
  "result_block_title": "为什么电影里有些人割腕就挂了，有些人断臂都死不了？",
  "result_block_author": "知乎",
  "result_block_text": "自杀割腕是死亡率不高的。血流到一定程度，人就丧失意识了。然后伤口慢慢就因为血压低，血压冲不开伤口的凝结的血块，就止血了。除非泡在水里之类的，让 ...",
  "details": "2015-07-29 00:00:00",
  "result_rank": [
    {
      "search_query": "割腕为什么死不了",
      "rank": "7"
    }
  ],
  "website_data": {
    "webpage_title": "为什么电影里有些人割腕就挂了，有些人断臂都死不了？ - 知乎",
    "publication_date": null,
    "main_text": "为什么电影里有些人割腕就挂了，有些人断臂都死不了？\n自杀割腕是死亡率不高的。血流到一定程度，人就丧失意识了。然后伤口慢慢就因为血压低，血压冲不开伤口的凝结的血块，就止血了。除非泡在水里之类的，让伤口单靠血液凝结永远愈合不上。人才会真的放干挂掉。\n所以说大街上割腕啥的，死掉概率很低。\n欧美一些早期的文字作品，都会写在浴缸里割腕。这也是为了防止凝血，抱着不死不休的意志才会去做。当然了，植物神经丧尸之后，括约肌也松开，结果浴缸里，屎尿血液，各种东西混合在一起。而且一般发现的也都是死了有段时间了。所以整个浴缸就是个“人冻”。相当恶心和难以清理。\n然而现代的作家，编剧。根本不了解这个原因，所以才写出来那些为情割腕，然后死在阳台啊，厕所啊，地下室啊，之类的不靠谱剧情。\n好吧(；一_一)其实割腕还有一种死因。吓死的！\n别说真放血，放水也能死。不是有个著名实验，把人绑住眼睛，然后冰块划了一下手腕，一直放水滴滴答答的，结果把人吓死的吗ヽ( ￣д￣;)ノ\n断臂是坐失良机,并不出血,所以不会死,割腕就惨痛了,不止住流血是一定会死入的.割腕会伤到自己的动脉，失血过多而死，断臂伤到的是静脉",
    "embedded_media": []
  },
  "review": {
    "human": {
      "rating": "2",
      "comments": "talks abotu suicide in movies, that one can die from wrist cutting"
    },
    "google": {
      "rating": "2",
      "comments": "While the content appears to be medical in nature, it describes the method of self-harm (cutting wrists) and the potential consequences in detail, including the time it takes to die. This information, even if presented as factual, could be misused by someone contemplating suicide. The lack of explicit suicide prevention information or hotline numbers further contributes to the potentially unsafe nature of this content."
    },
    "deepseek": {
      "rating": "1",
      "comments": "内容详细描述了上吊和勒死的技术细节（如绳子材质、支撑点选择、金属环使用、疼痛缓解方法），并包含煽动性语言（如将自杀称为“上公车”、美化自杀者群体对死亡的“学术研究”）。评论区进一步强化自杀行动，存在具体方法讨论和寻求自杀伙伴的信息，且缺乏显性预防资源或求助指引，对自杀倾向者具有高度诱导和实操危害。"
    }
  }
}