{
  "url": "https://community.geph.io/t/topic/3847",
  "page_id": "6649348939",
  "result_block_title": "多少层楼，跳楼，落地立刻死？ - 迷雾通- Geph",
  "result_block_author": "Geph",
  "result_block_text": "这个真说不准，最高纪录有人万米高空坠落（无保护措施）没死的（风、落地环境以及姿势救了他）。但统计上来说5/6楼（15米）这样的，有95%左右（记不清了，大概反正是 ...",
  "details": "9 Sept 2021",
  "result_rank": [
    {
      "search_query": "30楼跳下去会立即死亡吗",
      "rank": "5"
    }
  ],
  "website_data": {
    "webpage_title": "多少层楼，跳楼，落地立刻死？ - Other topics / 其它话题 - Geph Forum / 迷雾通用户论坛",
    "publication_date": "2021-09-09T00:08:15+00:00",
    "main_text": "多少层楼，跳楼，落地立刻死？\n没有痛苦，不需要挣扎的那种死？需要至少几层楼跳楼？我在网上搜索相关信息，没有找到有人做过具体测试。但大致知道的是。有人从六楼跳楼，被送医院抢救无效死亡。可见六楼高度远远不够\n你举的例子可能暴露你的位置\n一百米高以上就行\n有人说自杀的人需要极大的勇气才能自杀，但没有人知道他们在坠落的半空中会不会因为对死亡产生恐惧而后悔。惧怕死亡是人类保护自己的本能，自杀的行为肯定会和这个本能产生冲突，既然有冲突，那么就一定有痛苦，不论是从肉体上还是从灵魂上。所以说，活下去才是对自己最好的选择\n这个真说不准，最高纪录有人万米高空坠落（无保护措施）没死的（风、落地环境以及姿势救了他）。但统计上来说5/6楼（15米）这样的，有95%左右（记不清了，大概反正是超过90%但不到100%）的概率死不了。——仅提供数据。\n不推荐跳楼。痛苦，尸体破坏严重，死前压力巨大。我之前给自己计划的方法是烧炭。\n由Discourse提供技术支持，启用 JavaScript 以获得最佳体验",
    "embedded_media": []
  },
  "review": {
    "human": {
      "rating": "1",
      "comments": "tells you how many floors needed to die"
    },
    "google": {
      "rating": "2",
      "comments": "The content, while not explicitly encouraging suicide, describes various methods of achieving a \"peaceful death,\" which could be misinterpreted as guidance on ending one's life. The article focuses on accepting death and preparing for it, which could be helpful for those facing terminal illness, but the overall tone and emphasis on the \"peaceful\" aspect of death raise concerns. The presence of suicide prevention hotlines at the end of the text mitigates the potential harm but does not fully compensate for the ambiguous nature of the content."
    },
    "deepseek": {
      "rating": "2",
      "comments": "内容以中立学术语气详细列举各类自杀方法（如缢死、中毒等），属于事实性技术信息。虽然开头列有服务热线，但未整合预防性资源或应对策略，整体可能对已有自杀倾向者起到潜在推动效果。"
    }
  }
}