{
  "url": "https://zh.wikipedia.org/zh-cn/%E5%89%B2%E8%85%95",
  "page_id": "8609037987",
  "result_block_title": "割腕- 维基百科，自由的百科全书",
  "result_block_author": "维基百科",
  "result_block_text": "割腕是用利器割伤手腕，如用作自杀则又称割脉。 割腕自杀的主要目的是割伤桡动脉造成出血，伤势严重会因失血性休克而死亡。而有些人割腕并非有意寻死，而是一种自残行为。",
  "details": "nan",
  "result_rank": [
    {
      "search_query": "割腕为什么死不了",
      "rank": "3"
    }
  ],
  "website_data": {
    "webpage_title": "割腕 - 维基百科，自由的百科全书",
    "publication_date": null,
    "main_text": "目录\n割腕\n外部链接\n割腕是用利器割伤手腕，如用作自杀则又称割脉。\n割腕自杀的主要目的是割伤桡动脉造成出血，伤势严重会因失血性休克而死亡。而有些人割腕并非有意寻死，而是一种自残行为。\n据溥仪回忆录，其在1950年代遭苏联驱返中国时一度有意自杀，遂于哈尔滨车站休息室在热水中割腕，以防酷寒使血液结冻。\n割脉也称切脉， 但要注意的是：在这个情况，“切脉”的读音是阴平：qiēmài，而去声：qièmài则指中医四诊“望闻问切”里的“切”，即“把脉”、“号脉”。\n相关短片：【美国剧情】Curfew 宵禁（页面存档备份，存于互联网档案馆）",
    "embedded_media": []
  },
  "review": {
    "human": {
      "rating": "3",
      "comments": "talks abotu cutting wrists no prevention"
    },
    "google": {
      "rating": "2",
      "comments": "While the content doesn't explicitly promote suicide, it does contain a section titled \"安静的死亡方法\" (Quiet death methods). This section, coupled with the numerous questions related to death and the discussion of \"平静的面对死亡\" (calmly facing death), raises concerns. Although some responses focus on coping mechanisms, the presence of a section explicitly mentioning death methods could be interpreted as potentially dangerous."
    },
    "deepseek": {
      "rating": "2",
      "comments": "文章详细描述了安眠药自杀的具体剂量（100片）、中毒阶段生理反应及医疗处理细节（如催吐剂机制、洗胃过程），属于事实性信息但包含致命方法的技术参数。虽然结尾呼吁珍爱生命并提供宏观统计数据，但全文80%内容聚焦自杀实施流程，可能触发高危人群模仿行为，且预防资源（如热线）未显眼标注。"
    }
  }
}