{
  "url": "https://www.msdmanuals.cn/home/mental-health-disorders/suicidal-behavior-and-self-injury/suicidal-behavior",
  "page_id": "8750036588",
  "result_block_title": "自杀行为- 精神健康障碍",
  "result_block_author": "默沙东诊疗手册<!-- -->",
  "result_block_text": "过量服用药物和毒药是有自杀企图的人最常采用的方式。 暴力的方法如开枪或上吊，在有自杀企图者中并不常见，因为它们通常致命。",
  "details": "nan",
  "result_rank": [
    {
      "search_query": "自杀方式",
      "rank": "4"
    }
  ],
  "website_data": {
    "webpage_title": "自杀行为",
    "publication_date": null,
    "main_text": "自杀通常是由多种因素共同作用引起的，抑郁是最常见且重要的因素，但不是自杀的唯一风险因素。一些自杀方式通常会致命，如开枪，但自杀者选择非致命方式自杀，并不能说明其自杀动机不强烈。任何表达出的自杀想法或自杀企图都应引起高度重视，并应提供相应的帮助和支持。在美国，处于危机中或考虑自杀的人可以打电话或发送短信至 988，连接到生命线聊天和短信服务，这是一条危机热线。以下网站可提供更多支持：988 自杀和危机生命线和美国自杀预防基金会。（另见儿童和青少年自杀行为。）描述自杀的术语随着时间推移而不断演变，以反映自杀行为科学研究的进步、对自杀受害者和幸存者日益增加的支持，以及减少与自杀相关的污名化。常见的自杀行为包括以下几种：自杀死亡： 一种导致死亡的自我伤害的故意行为。自杀企图： 一种意在导致死亡但并未导致死亡的自伤行为。自杀企图可导致自伤，也可不导致。自杀意念： 自杀的想法、计划和准备行为。非自杀性自伤 (NSSI) 是一种无意导致死亡的自我伤害行为。这些行为包括划伤或割伤手臂、用烟头烧自己，以及过量服用维生素等。非自杀性自伤可能是减轻紧张的一种方式，因为躯体疼痛可以缓解心理痛苦。它也可能是仍然希望活着的人发出的求救。这些行为不应该被轻易忽视，因为有 NSSI 病史的人自杀的长期风险更高。自杀行为是一种常见的大众健康问题。它可发生在所有年龄、种族、信条、收入、教育水平和性取向的男性和女性中。虽然有一些人群，如中老年男性、年轻的美国印第安人和 LGBTQ 人群，他们的自杀风险高于其他人群，但并不存在典型的自杀特征。全世界自杀率全世界每年将有近 800,000 人死于自杀。有证据表明，相比每一个自杀死亡的人，都有更多企图自杀的人。这一比率因国家、地区、性别、年龄和方法而异。美国自杀率在美国，2021 年有超过 48,000 人自杀死亡。平均每天约有 132 次自杀。自杀通常是 10 至 14 岁和 25 至 34 岁人群十大死亡原因之一。2020 年，因 COVID-19 疫情大流行导致的死亡人数众多，自杀在总体死亡原因中的排名下降至第 11 位。2021 年，中年白人男性的自杀率最高，约占死亡人数的 70%。使用枪支自杀的人数占所有自杀死亡人数的一半以上。自杀率较高的年龄范围是 25 至 34 岁和 75 至 84 岁的成人，但年龄大于 85 岁的成年人中自杀率最高。在所有年龄组中，自杀死亡的男性比例高于女性，约达到 4 比 1。原因不明，但可能涉及以下因素：男性尝试自杀时通常更具攻击性，并使用更致命的手段。男性受到的教导是以坚忍态度面对问题，因此传统而言，他们从朋友和/或医疗保健从业者寻求帮助的可能性更小。酒精使用和物质使用障碍会促进自杀行为，这两点在男性中更为常见。男性自杀的数量包括了军队和退伍军人的自杀。这两个群体中男性比女性比例更高。2021 年，非西班牙裔美国印第安人和阿拉斯加原住民的自杀率最高。有关自杀的最新统计数据，请参阅美国自杀预防基金会收集的数据。您知道吗？白人中年男性的自杀率最高。男性比女性自杀死亡率高 4 倍。相比每一个自杀死亡的人，有更多企图自杀的人。美国尝试自杀的情况2021 年，约有 170 万美国成年人企图自杀。每例自杀死亡，对应约 25 次企图自杀。许多人会重复尝试。然而，只有 5%～10% 的人最终会因自杀死亡。自杀企图在青春期女孩中尤为常见。在 15～19 岁的女孩中，每 100 次自杀尝试会导致 1 次自杀死亡。在所有年龄段人群中，具有自杀企图的女性是男性的 2 或 3 倍，但男性自杀死亡率却是女性的 4 倍。老年人中每 4 次自杀尝试就会导致 1 次自杀死亡。自杀行为的病因研究表明，许多自杀死亡者在死亡时正经历多个风险因素。大约 85% 至 95% 的自杀死亡者在死亡时患有可诊断的精神健康疾病。导致自杀行为的最常见健康疾病是抑郁症。抑郁症，包括双相障碍的抑郁期，涉及 50% 以上的自杀企图，以及更高比例的自杀死亡。抑郁症可能凭空出现、由近期丧失或其他令人痛苦的事件引起，或由于多种因素组合而引起。对于抑郁症患者而言，婚姻问题、最近遭拘捕或存在法律麻烦，恋爱不顺或失恋，与父母争执或被欺凌（常见于青少年），或者是最近失去爱人（特别是老年人）都可能诱发自杀企图。如果抑郁症患者也存在严重的焦虑、冲动行为、物质使用障碍和睡眠障碍，自杀风险会更高。创伤性童年经历，尤其是躯体和性虐待，会增加自杀企图的风险。孤立会增加自杀行为的风险。分居、离异或寡居者自杀死亡的可能性较高。自杀在有稳定情感关系的人中比在单身者中发生率更低。饮酒可能加重抑郁症状，从而使自杀可能性增大。酒精也可降低自我控制力，增加冲动性。约 30% 的企图自杀的人在尝试前饮酒，大约一半的人当时已经醉酒。饮酒（特别是酗酒）在戒酒时期常常导致深刻的悔恨感，因此不健康饮酒者自杀的风险更高。几乎所有其他精神疾病都会使患者有更高的自杀风险。精神分裂症或其他精神疾病患者可能有无法应对的妄想（固执的错误信念），或听到声音（幻听）命令他们杀死自己。此外，精神分裂症患者容易抑郁。因此，他们的自杀死亡率 (10%) 远高于普通人群。有边缘型人格障碍或反社会型人格障碍的人，特别是曾有过冲动性、攻击性或暴力行为史的人，也具有更高的自杀风险。这些人格障碍患者通常对挫折的承受能力偏低，对压力容易冲动地做出反应，有时会导致自伤或攻击性行为。一般疾病，尤其是疼痛和慢性疾病，约占老年人自杀原因的 20%。近期诊断的疾病，如糖尿病、多发性硬化、癌症和感染，也可增加自杀风险。某些疾病，如艾滋病、颞叶癫痫和头部损伤可直接影响患者的脑功能，从而增加自杀风险。约六分之一的人在自杀前常会留下遗书，有时可据此发现诱发自杀行为的原因。给出的原因包括精神疾病、绝望感、感觉像是他人的负担，以及无法应对各种生活压力。自杀行为的风险因素对自杀的执着、明确的自杀计划、自杀家族史和/或此前的自杀企图抑郁（特别是伴有焦虑、重度抑郁或双相障碍或近期住院相关）和其他精神疾病物质或酒精使用障碍作为欺凌受害者（例如，网络欺凌、社交排斥、歧视、羞辱、诽谤）攻击性或冲动性行为儿童时期的创伤性经历，包括家庭暴力或性侵犯医学疾病，尤其是疼痛或致残或影响大脑的疾病丧亲或丧失感到悲伤或绝望（持续）独居关系冲突工作中断（例如失业）和过渡期（例如，从现役变为退伍军人身份、退休）经济衰退、债务或未充分就业带来的财务压力法律问题抗抑郁药物与自杀风险开始抗抑郁药物治疗之前的几个月是自杀企图出现的最高危时期，而开始服用抗抑郁药物时和之前的几个月相比，自杀死亡风险并未增加。但是，抗抑郁药有时可略微增加儿童、青少年和年轻人的自杀念头和企图的发生率（但不增加自杀死亡的发生率）。因此，应提醒儿童和青少年的父母注意这种风险，并仔细监测儿童和青少年的以下副作用，尤其是在开始服药后的最初几周内：焦虑加重激动躁动应激愤怒转变为轻躁狂（患者感觉精力充沛而快乐，但通常易激惹、分心和焦虑不安）也是需要注意的重要副作用。精神卫生专业人员、患者和家属应记住，自杀（死亡的想法和念头以及对死亡的执着，尤其是通过自杀）是抑郁症的核心特征。缓解抑郁的治疗可降低自杀风险。由于公众健康警告有关自杀风险增加可能与使用抗抑郁药物相关，医生对抑郁症的诊断开始减少，使儿童和青少年中抗抑郁药的使用减少了 30% 以上。然而，同一时期青少年自杀死亡率却增加 14%。究其原因，可能是因为种种慎用抗抑郁药物治疗抑郁症的警告，使抑郁状态无法得到有效控制，进而导致自杀死亡增加。当患有抑郁症的人服用抗抑郁药时，医生会采取一定的预防措施来降低自杀行为的风险：给予人们抗抑郁药的数量不会导致死亡首次开始治疗时安排更频繁的访视清楚地警告人们及其家人和其他重要关系人要警惕恶化症状、烦躁、失眠或自杀意念如果症状加重或出现自杀想法，指示人及其家人和重要人员立即致电开具抗抑郁药的医生或在别处寻求治疗您知道吗？服用抗抑郁药与 24 岁以下青少年自杀想法和企图的风险增加有关，但如果并未通过适当的治疗（可能包括药物和/或心理治疗）来治疗抑郁症，自杀风险可能更高。营造安全的家居环境是有效降低自杀风险的重要方式之一。通过安全保管枪支、药物、非法药物和有毒物质来消除致命手段，可以挽救生命。青少年自杀的原因在 20 世纪 90 年代，青少年的自杀率在稳定上升超过 10 年后有所下降，但在 21 世纪初又开始再次上升。这种上升趋势包括使用枪支自杀死亡的人数增加。许多影响导致这种增加，包括：未解决的精神健康状况（包括重度抑郁症、双相障碍、物质使用障碍、精神病、进食障碍、注意力缺陷多动症 [ADHD]、焦虑障碍和/或创伤）健康状况，如脑损伤或孤独症谱系障碍儿童期不良事件（包括虐待、忽视）经历创伤或损失（包括不稳定的家庭环境；在患有精神疾病的父母身边长大；暴露于同伴自杀和/或亲属自杀死亡；或经历基于种族、性别或性取向的欺凌或歧视）",
    "embedded_media": []
  },
  "review": {
    "human": {
      "rating": "3",
      "comments": "analyzing traits"
    },
    "google": {
      "rating": "4",
      "comments": "The content focuses on debunking a common misconception about suicide by comparing the risks of wrist-cutting and arm amputation. It provides factual information about blood loss, shock, and first aid, but doesn't mention suicide methods or encourage self-harm."
    },
    "deepseek": {
      "rating": "2",
      "comments": "内容详细列举不同高度跳楼致死的生理机制（如30层失去意识、6层剧痛）并讨论生存概率，虽未直接鼓励自杀，但提供技术性细节（冲击力、着陆方式）可能成为自杀行为参考依据。部分回答夹杂戏谑语气（如相声段子），虽个别包含预防提醒，但整体缺乏显性危机干预资源。"
    }
  }
}